"comname","est_year","season","COGy","COGx","slopeLat","slopeLon"
"acadian redfish",2010,"Spring",42.4066512622072,-68.9100260204698,0.0036468159194973,-0.000916221695699968
"acadian redfish",2011,"Spring",43.3270443732977,-68.1966782162365,0.0036468159194973,-0.000916221695699968
"acadian redfish",2012,"Spring",42.834048545279,-69.118466467006,0.0036468159194973,-0.000916221695699968
"acadian redfish",2013,"Spring",42.8900941244621,-68.1246385866684,0.0036468159194973,-0.000916221695699968
"acadian redfish",2014,"Spring",42.7373362503332,-68.3987197868587,0.0036468159194973,-0.000916221695699968
"acadian redfish",2015,"Spring",42.8298394279674,-67.9447132889789,0.0036468159194973,-0.000916221695699968
"acadian redfish",2016,"Spring",42.6378388493261,-68.334603387606,0.0036468159194973,-0.000916221695699968
"acadian redfish",2017,"Spring",43.180127997192,-68.1010978275316,0.0036468159194973,-0.000916221695699968
"acadian redfish",2018,"Spring",42.6926293065448,-68.2790579671118,0.0036468159194973,-0.000916221695699968
"acadian redfish",2019,"Spring",42.7909170809389,-68.7016576226531,0.0036468159194973,-0.000916221695699968
"acadian redfish",2010,"Fall",42.7317641185867,-68.9682759745305,-0.00238078153009878,-0.00413833267713698
"acadian redfish",2011,"Fall",43.0608374394781,-68.7273855048572,-0.00238078153009878,-0.00413833267713698
"acadian redfish",2012,"Fall",42.6179736242922,-68.8044770300278,-0.00238078153009878,-0.00413833267713698
"acadian redfish",2013,"Fall",42.889281496611,-68.151896241186,-0.00238078153009878,-0.00413833267713698
"acadian redfish",2014,"Fall",42.946996326729,-68.4870185202315,-0.00238078153009878,-0.00413833267713698
"acadian redfish",2015,"Fall",43.0908265678892,-67.9418518087639,-0.00238078153009878,-0.00413833267713698
"acadian redfish",2016,"Fall",43.0025335959396,-68.2945756787135,-0.00238078153009878,-0.00413833267713698
"acadian redfish",2017,"Fall",42.8134640339154,-68.7068822119212,-0.00238078153009878,-0.00413833267713698
"acadian redfish",2018,"Fall",42.6253845821984,-68.3492268275174,-0.00238078153009878,-0.00413833267713698
"acadian redfish",2019,"Fall",42.8997231612228,-69.1277392864722,-0.00238078153009878,-0.00413833267713698
"alewife",2010,"Spring",42.9449393760377,-68.2057047093071,0.0486661698189712,0.0521170003588411
"alewife",2011,"Spring",42.2319925921789,-69.6285419675323,0.0486661698189712,0.0521170003588411
"alewife",2012,"Spring",42.6612656178638,-69.504659851053,0.0486661698189712,0.0521170003588411
"alewife",2013,"Spring",42.5895144014722,-69.0363404349957,0.0486661698189712,0.0521170003588411
"alewife",2014,"Spring",41.7689724878179,-70.4491996896595,0.0486661698189712,0.0521170003588411
"alewife",2015,"Spring",42.065219905827,-69.1875307431313,0.0486661698189712,0.0521170003588411
"alewife",2016,"Spring",42.430120546351,-70.0301253227937,0.0486661698189712,0.0521170003588411
"alewife",2017,"Spring",42.0664817096894,-69.2464910524771,0.0486661698189712,0.0521170003588411
"alewife",2018,"Spring",42.1021290312576,-69.3676227305549,0.0486661698189712,0.0521170003588411
"alewife",2019,"Spring",42.2019264901238,-69.3145913830353,0.0486661698189712,0.0521170003588411
"alewife",2010,"Fall",42.8813315176524,-69.4008740243702,0.00765252917180508,-0.0031845282424041
"alewife",2011,"Fall",43.4076554361525,-68.7872129601534,0.00765252917180508,-0.0031845282424041
"alewife",2012,"Fall",43.462994186989,-68.5591945640142,0.00765252917180508,-0.0031845282424041
"alewife",2013,"Fall",43.606785073099,-68.1699135459447,0.00765252917180508,-0.0031845282424041
"alewife",2014,"Fall",43.2293330313014,-69.038207000614,0.00765252917180508,-0.0031845282424041
"alewife",2015,"Fall",43.4695001071608,-68.6423527331618,0.00765252917180508,-0.0031845282424041
"alewife",2016,"Fall",43.3479953651757,-68.7385724394182,0.00765252917180508,-0.0031845282424041
"alewife",2017,"Fall",42.8975366962203,-69.9033616522469,0.00765252917180508,-0.0031845282424041
"alewife",2018,"Fall",42.6096879251141,-70.1024398541125,0.00765252917180508,-0.0031845282424041
"alewife",2019,"Fall",42.3489238448512,-70.2126466011237,0.00765252917180508,-0.0031845282424041
"american plaice",2010,"Spring",42.5577629811186,-69.6155890077759,0.000420315862661534,-0.0120656688106382
"american plaice",2011,"Spring",42.8742468975633,-69.7168441756953,0.000420315862661534,-0.0120656688106382
"american plaice",2012,"Spring",42.85747308663,-69.8680624307687,0.000420315862661534,-0.0120656688106382
"american plaice",2013,"Spring",42.7965490449616,-70.0279567425813,0.000420315862661534,-0.0120656688106382
"american plaice",2014,"Spring",42.7789759073665,-70.0502474199834,0.000420315862661534,-0.0120656688106382
"american plaice",2015,"Spring",42.9041687304164,-69.6938710491187,0.000420315862661534,-0.0120656688106382
"american plaice",2016,"Spring",43.1199575778702,-69.6602473954928,0.000420315862661534,-0.0120656688106382
"american plaice",2017,"Spring",42.83988831377,-69.8337663540502,0.000420315862661534,-0.0120656688106382
"american plaice",2018,"Spring",43.0663141611014,-69.7358492424385,0.000420315862661534,-0.0120656688106382
"american plaice",2019,"Spring",42.8344249374609,-69.620862180268,0.000420315862661534,-0.0120656688106382
"american plaice",2010,"Fall",42.618107893927,-69.2650373530372,0.00167444356048842,-0.00180066303700489
"american plaice",2011,"Fall",42.5784508462639,-69.6431781522677,0.00167444356048842,-0.00180066303700489
"american plaice",2012,"Fall",42.797357524044,-69.2304454430474,0.00167444356048842,-0.00180066303700489
"american plaice",2013,"Fall",42.8723886593822,-69.3200633195484,0.00167444356048842,-0.00180066303700489
"american plaice",2014,"Fall",42.7566416009938,-69.6569724439465,0.00167444356048842,-0.00180066303700489
"american plaice",2015,"Fall",42.7364243046377,-69.4078352654079,0.00167444356048842,-0.00180066303700489
"american plaice",2016,"Fall",42.9182515476925,-69.3849430270739,0.00167444356048842,-0.00180066303700489
"american plaice",2017,"Fall",42.936127752619,-69.2963826357682,0.00167444356048842,-0.00180066303700489
"american plaice",2018,"Fall",43.0917041529901,-69.468857361659,0.00167444356048842,-0.00180066303700489
"american plaice",2019,"Fall",42.9312674771259,-69.6489754816392,0.00167444356048842,-0.00180066303700489
"atlantic cod",2010,"Spring",42.2821035280688,-69.1860393809393,0.00969633727614948,-0.0116961851399594
"atlantic cod",2011,"Spring",42.2760064974706,-68.7175638654212,0.00969633727614948,-0.0116961851399594
"atlantic cod",2012,"Spring",42.3606632978366,-68.9816887253505,0.00969633727614948,-0.0116961851399594
"atlantic cod",2013,"Spring",42.1704111754161,-67.5244777990593,0.00969633727614948,-0.0116961851399594
"atlantic cod",2014,"Spring",42.2001624537805,-68.1050915028855,0.00969633727614948,-0.0116961851399594
"atlantic cod",2015,"Spring",42.6400536941769,-69.5949871585042,0.00969633727614948,-0.0116961851399594
"atlantic cod",2016,"Spring",42.3774441455152,-68.6845721289221,0.00969633727614948,-0.0116961851399594
"atlantic cod",2017,"Spring",41.9707911127737,-67.1588763616947,0.00969633727614948,-0.0116961851399594
"atlantic cod",2018,"Spring",42.236761124365,-67.721681198779,0.00969633727614948,-0.0116961851399594
"atlantic cod",2019,"Spring",42.1190582328189,-66.8843760418994,0.00969633727614948,-0.0116961851399594
"atlantic cod",2010,"Fall",41.5847030153242,-69.1823348844122,0.00517037568052508,0.00703743186418141
"atlantic cod",2011,"Fall",42.2251901365054,-69.1039487065692,0.00517037568052508,0.00703743186418141
"atlantic cod",2012,"Fall",41.942170215545,-68.792100500961,0.00517037568052508,0.00703743186418141
"atlantic cod",2013,"Fall",42.2232261095488,-67.4899811881783,0.00517037568052508,0.00703743186418141
"atlantic cod",2014,"Fall",42.4243534111922,-68.5739277609143,0.00517037568052508,0.00703743186418141
"atlantic cod",2015,"Fall",41.9937873681746,-67.2897675767882,0.00517037568052508,0.00703743186418141
"atlantic cod",2016,"Fall",42.4284669872555,-68.0281380956926,0.00517037568052508,0.00703743186418141
"atlantic cod",2017,"Fall",42.5814228657139,-69.2992544741604,0.00517037568052508,0.00703743186418141
"atlantic cod",2018,"Fall",42.2009792658489,-67.8808890275211,0.00517037568052508,0.00703743186418141
"atlantic cod",2019,"Fall",42.1566264744786,-67.1131609787694,0.00517037568052508,0.00703743186418141
"atlantic croaker",2010,"Fall",37.9691128862362,-74.9472498954578,0.0292579200888822,0.00656144453090282
"atlantic croaker",2011,"Fall",38.4229824751305,-74.7332873083943,0.0292579200888822,0.00656144453090282
"atlantic croaker",2012,"Fall",36.2270497948313,-75.225392587132,0.0292579200888822,0.00656144453090282
"atlantic croaker",2013,"Fall",38.9272855486462,-74.5318173756749,0.0292579200888822,0.00656144453090282
"atlantic croaker",2014,"Fall",38.6416021213945,-74.5560800221293,0.0292579200888822,0.00656144453090282
"atlantic croaker",2015,"Fall",36.7935078546315,-75.1606404281308,0.0292579200888822,0.00656144453090282
"atlantic croaker",2016,"Fall",37.9052076910248,-75.0240454939224,0.0292579200888822,0.00656144453090282
"atlantic croaker",2018,"Fall",37.8523048815455,-75.0320067012185,0.0292579200888822,0.00656144453090282
"atlantic croaker",2019,"Fall",37.1629850615297,-75.2753559398246,0.0292579200888822,0.00656144453090282
"atlantic croaker",2013,"Spring",35.5182044842754,-75.1893935558032,-0.0104179938595181,-0.014853907507239
"atlantic croaker",2015,"Spring",39.9577346924421,-72.0339423272171,-0.0104179938595181,-0.014853907507239
"atlantic croaker",2016,"Spring",36.4586634639955,-75.502593976587,-0.0104179938595181,-0.014853907507239
"atlantic croaker",2017,"Spring",36.0378080474794,-75.3099835924627,-0.0104179938595181,-0.014853907507239
"atlantic croaker",2018,"Spring",36.430805,-74.777818,-0.0104179938595181,-0.014853907507239
"atlantic herring",2010,"Spring",40.3767094948321,-71.497574966316,-0.00505119517713909,0.000896760770465314
"atlantic herring",2011,"Spring",40.1932955690434,-71.3640097000585,-0.00505119517713909,0.000896760770465314
"atlantic herring",2012,"Spring",41.9200828186882,-70.0915143538098,-0.00505119517713909,0.000896760770465314
"atlantic herring",2013,"Spring",40.9648165724221,-70.5946827832856,-0.00505119517713909,0.000896760770465314
"atlantic herring",2014,"Spring",41.1858152969046,-70.0225916390822,-0.00505119517713909,0.000896760770465314
"atlantic herring",2015,"Spring",41.4995378121403,-68.9016848272907,-0.00505119517713909,0.000896760770465314
"atlantic herring",2016,"Spring",41.9670828807959,-70.8753687266227,-0.00505119517713909,0.000896760770465314
"atlantic herring",2017,"Spring",41.7066792240102,-69.5989322860474,-0.00505119517713909,0.000896760770465314
"atlantic herring",2018,"Spring",41.261950000924,-70.9634740483307,-0.00505119517713909,0.000896760770465314
"atlantic herring",2019,"Spring",41.9053316069387,-68.0952957955364,-0.00505119517713909,0.000896760770465314
"atlantic herring",2010,"Fall",42.1464809763346,-68.6798644662288,-0.0042458716397314,0.00709768018465113
"atlantic herring",2011,"Fall",43.4699559001437,-67.910236595033,-0.0042458716397314,0.00709768018465113
"atlantic herring",2012,"Fall",42.8821984395788,-68.4664509486837,-0.0042458716397314,0.00709768018465113
"atlantic herring",2013,"Fall",42.7294990022328,-68.9859614610016,-0.0042458716397314,0.00709768018465113
"atlantic herring",2014,"Fall",42.4069679454243,-68.95015392915,-0.0042458716397314,0.00709768018465113
"atlantic herring",2015,"Fall",42.386118226585,-68.9815111608335,-0.0042458716397314,0.00709768018465113
"atlantic herring",2016,"Fall",42.3042438351401,-68.6121350268999,-0.0042458716397314,0.00709768018465113
"atlantic herring",2017,"Fall",42.2422787252525,-69.9970569588237,-0.0042458716397314,0.00709768018465113
"atlantic herring",2018,"Fall",41.6455033652776,-69.1889393610357,-0.0042458716397314,0.00709768018465113
"atlantic herring",2019,"Fall",42.073317171449,-69.2122498622046,-0.0042458716397314,0.00709768018465113
"atlantic mackerel",2010,"Spring",38.5828375266284,-73.0082894460307,0.0309221101639835,0.0374202340123123
"atlantic mackerel",2011,"Spring",38.7937443565725,-73.1637030454171,0.0309221101639835,0.0374202340123123
"atlantic mackerel",2012,"Spring",42.4012562573371,-68.3146744251701,0.0309221101639835,0.0374202340123123
"atlantic mackerel",2013,"Spring",40.7584669063578,-69.9674645219658,0.0309221101639835,0.0374202340123123
"atlantic mackerel",2014,"Spring",40.745391216429,-70.4604776426477,0.0309221101639835,0.0374202340123123
"atlantic mackerel",2015,"Spring",42.637699630915,-67.4577236885933,0.0309221101639835,0.0374202340123123
"atlantic mackerel",2016,"Spring",40.9203460463715,-70.1051356129788,0.0309221101639835,0.0374202340123123
"atlantic mackerel",2017,"Spring",41.1531039673785,-69.2496225521674,0.0309221101639835,0.0374202340123123
"atlantic mackerel",2018,"Spring",39.8538873255011,-72.1516433656727,0.0309221101639835,0.0374202340123123
"atlantic mackerel",2019,"Spring",40.9810482334372,-69.9671380616278,0.0309221101639835,0.0374202340123123
"atlantic mackerel",2010,"Fall",43.2399044427678,-68.636224996514,0.0202520561981827,0.0250959245082344
"atlantic mackerel",2011,"Fall",43.2924703730413,-67.1002715879893,0.0202520561981827,0.0250959245082344
"atlantic mackerel",2012,"Fall",42.4478797637127,-69.3819376922751,0.0202520561981827,0.0250959245082344
"atlantic mackerel",2013,"Fall",43.8381825471543,-67.5265538842107,0.0202520561981827,0.0250959245082344
"atlantic mackerel",2014,"Fall",42.1536107340576,-68.3727270415118,0.0202520561981827,0.0250959245082344
"atlantic mackerel",2015,"Fall",42.2015550227909,-67.7973930659681,0.0202520561981827,0.0250959245082344
"atlantic mackerel",2016,"Fall",42.1033853491457,-68.4419619229188,0.0202520561981827,0.0250959245082344
"atlantic mackerel",2017,"Fall",42.0501793398248,-68.9393145857613,0.0202520561981827,0.0250959245082344
"atlantic mackerel",2018,"Fall",41.6559622708345,-69.6130448524906,0.0202520561981827,0.0250959245082344
"atlantic mackerel",2019,"Fall",41.8017922808542,-69.8648409712297,0.0202520561981827,0.0250959245082344
"atlantic sharpnose shark",2012,"Fall",35.83886,-75.041772,-0.0196698929132332,0.0081415946935219
"atlantic sharpnose shark",2014,"Fall",35.68113,-75.108243,-0.0196698929132332,0.0081415946935219
"atlantic sharpnose shark",2015,"Fall",37.014352,-75.507832,-0.0196698929132332,0.0081415946935219
"black sea bass",2010,"Spring",38.7330293010139,-73.1274413583148,0.0528100816007499,0.0419890846867524
"black sea bass",2011,"Spring",38.7014830611204,-73.1791864199465,0.0528100816007499,0.0419890846867524
"black sea bass",2012,"Spring",39.215375746508,-72.9817888039749,0.0528100816007499,0.0419890846867524
"black sea bass",2013,"Spring",38.7633180362542,-73.1370683851239,0.0528100816007499,0.0419890846867524
"black sea bass",2014,"Spring",39.447569458939,-72.503025988684,0.0528100816007499,0.0419890846867524
"black sea bass",2015,"Spring",39.3024450209783,-72.8231648784889,0.0528100816007499,0.0419890846867524
"black sea bass",2016,"Spring",40.4769251753195,-71.8308997416333,0.0528100816007499,0.0419890846867524
"black sea bass",2017,"Spring",39.2376066933371,-72.6270269151156,0.0528100816007499,0.0419890846867524
"black sea bass",2018,"Spring",38.5170132718549,-73.505846064522,0.0528100816007499,0.0419890846867524
"black sea bass",2019,"Spring",39.194095773216,-72.7700513811584,0.0528100816007499,0.0419890846867524
"black sea bass",2010,"Fall",40.1525471107617,-71.9081958211366,0.0584746837758093,0.0469579165387912
"black sea bass",2011,"Fall",38.6031285548647,-74.0713753162964,0.0584746837758093,0.0469579165387912
"black sea bass",2012,"Fall",38.5785060217038,-74.2218665643487,0.0584746837758093,0.0469579165387912
"black sea bass",2013,"Fall",41.0468229543586,-71.014414499456,0.0584746837758093,0.0469579165387912
"black sea bass",2014,"Fall",40.5807040938038,-72.0030062660628,0.0584746837758093,0.0469579165387912
"black sea bass",2015,"Fall",40.058986276048,-72.5683321944599,0.0584746837758093,0.0469579165387912
"black sea bass",2016,"Fall",40.4415847620182,-71.6401134440193,0.0584746837758093,0.0469579165387912
"black sea bass",2017,"Fall",41.9660550607698,-69.911593033761,0.0584746837758093,0.0469579165387912
"black sea bass",2018,"Fall",40.6162949444138,-72.4632911081572,0.0584746837758093,0.0469579165387912
"black sea bass",2019,"Fall",39.5145387098576,-73.3193938627461,0.0584746837758093,0.0469579165387912
"bluefish",2010,"Fall",40.5372743542941,-70.8929324893221,0.00273817181695777,-0.0118674443164521
"bluefish",2011,"Fall",39.4870386326722,-72.1744451861208,0.00273817181695777,-0.0118674443164521
"bluefish",2012,"Fall",41.2291555338383,-69.5351493880371,0.00273817181695777,-0.0118674443164521
"bluefish",2013,"Fall",40.932317318816,-71.0977436390338,0.00273817181695777,-0.0118674443164521
"bluefish",2014,"Fall",40.4874060924606,-72.088236959299,0.00273817181695777,-0.0118674443164521
"bluefish",2015,"Fall",41.0975117466339,-69.6480154589099,0.00273817181695777,-0.0118674443164521
"bluefish",2016,"Fall",39.5826356976092,-72.3926228712644,0.00273817181695777,-0.0118674443164521
"bluefish",2018,"Fall",39.7775197103584,-73.6057497593078,0.00273817181695777,-0.0118674443164521
"bluefish",2019,"Fall",40.6258473563408,-69.3350151317636,0.00273817181695777,-0.0118674443164521
"bluefish",2010,"Spring",38.8893033760719,-72.9221953417722,0.022233325941853,0.0117447898502685
"bluefish",2011,"Spring",36.8484364160014,-74.611902227774,0.022233325941853,0.0117447898502685
"bluefish",2012,"Spring",37.5523073097062,-74.5337102986089,0.022233325941853,0.0117447898502685
"bluefish",2013,"Spring",36.4228187778456,-74.7103303995164,0.022233325941853,0.0117447898502685
"bluefish",2015,"Spring",36.1144106580993,-74.8979225059155,0.022233325941853,0.0117447898502685
"bluefish",2016,"Spring",37.8114058957065,-74.2836182819908,0.022233325941853,0.0117447898502685
"bluefish",2017,"Spring",38.9312135952712,-72.932016152544,0.022233325941853,0.0117447898502685
"bluefish",2018,"Spring",36.2719335432908,-74.790657816543,0.022233325941853,0.0117447898502685
"bluefish",2019,"Spring",36.7916549283679,-74.6647324297012,0.022233325941853,0.0117447898502685
"butterfish",2010,"Spring",37.6977122162559,-73.657088401806,0.0144641915432966,0.0221864220618045
"butterfish",2011,"Spring",39.3332231259693,-71.6422366826697,0.0144641915432966,0.0221864220618045
"butterfish",2012,"Spring",39.9328606565585,-70.9050161415689,0.0144641915432966,0.0221864220618045
"butterfish",2013,"Spring",39.7432732793948,-70.8736348896505,0.0144641915432966,0.0221864220618045
"butterfish",2014,"Spring",39.602403965536,-71.8232129461768,0.0144641915432966,0.0221864220618045
"butterfish",2015,"Spring",39.7319940987325,-70.6976992211076,0.0144641915432966,0.0221864220618045
"butterfish",2016,"Spring",39.9582282855999,-70.9651052266664,0.0144641915432966,0.0221864220618045
"butterfish",2017,"Spring",38.7785128791026,-72.5256274938202,0.0144641915432966,0.0221864220618045
"butterfish",2018,"Spring",39.6684954603453,-71.2726238552955,0.0144641915432966,0.0221864220618045
"butterfish",2019,"Spring",37.0445175242024,-73.611639108072,0.0144641915432966,0.0221864220618045
"butterfish",2010,"Fall",38.2050525160426,-73.1532340957617,0.00302291766016419,0.00675178596873121
"butterfish",2011,"Fall",37.8303121751618,-73.4251834919809,0.00302291766016419,0.00675178596873121
"butterfish",2012,"Fall",41.1227316742409,-69.4440892403507,0.00302291766016419,0.00675178596873121
"butterfish",2013,"Fall",38.5039880777794,-72.3542241997472,0.00302291766016419,0.00675178596873121
"butterfish",2014,"Fall",39.9047106377884,-71.5268205951619,0.00302291766016419,0.00675178596873121
"butterfish",2015,"Fall",38.7725316916419,-72.2638140956343,0.00302291766016419,0.00675178596873121
"butterfish",2016,"Fall",41.2646945827222,-70.2471703868719,0.00302291766016419,0.00675178596873121
"butterfish",2017,"Fall",42.4280588282554,-69.2697846316551,0.00302291766016419,0.00675178596873121
"butterfish",2018,"Fall",37.1547059507548,-74.0645456722733,0.00302291766016419,0.00675178596873121
"butterfish",2019,"Fall",38.9585771863935,-72.1823709044408,0.00302291766016419,0.00675178596873121
"fawn cusk-eel",2010,"Spring",39.2035649241507,-71.9286034631593,0.00172558298497163,0.00581846977259255
"fawn cusk-eel",2011,"Spring",40.2040376409697,-69.3103300138971,0.00172558298497163,0.00581846977259255
"fawn cusk-eel",2012,"Spring",39.9834499333285,-71.2193810908343,0.00172558298497163,0.00581846977259255
"fawn cusk-eel",2013,"Spring",39.4944976898942,-70.5801623456464,0.00172558298497163,0.00581846977259255
"fawn cusk-eel",2014,"Spring",39.5920264164495,-71.4219629694454,0.00172558298497163,0.00581846977259255
"fawn cusk-eel",2015,"Spring",39.684676419772,-70.1894924886815,0.00172558298497163,0.00581846977259255
"fawn cusk-eel",2016,"Spring",40.024009249895,-70.4541293136198,0.00172558298497163,0.00581846977259255
"fawn cusk-eel",2017,"Spring",39.6523219373182,-70.1046231146111,0.00172558298497163,0.00581846977259255
"fawn cusk-eel",2018,"Spring",39.8368708146393,-71.1033871734152,0.00172558298497163,0.00581846977259255
"fawn cusk-eel",2019,"Spring",39.3747281539088,-72.0593204559049,0.00172558298497163,0.00581846977259255
"fawn cusk-eel",2010,"Fall",40.1853204396677,-69.9011660870796,-0.00575202525717506,0.00265867168802336
"fawn cusk-eel",2011,"Fall",39.4381665159843,-71.1855220581791,-0.00575202525717506,0.00265867168802336
"fawn cusk-eel",2012,"Fall",39.7507012796622,-70.6220378431338,-0.00575202525717506,0.00265867168802336
"fawn cusk-eel",2013,"Fall",39.4081868260526,-71.5298424543551,-0.00575202525717506,0.00265867168802336
"fawn cusk-eel",2014,"Fall",39.776764971889,-70.5838595308395,-0.00575202525717506,0.00265867168802336
"fawn cusk-eel",2015,"Fall",39.4843001012571,-71.6285942939582,-0.00575202525717506,0.00265867168802336
"fawn cusk-eel",2016,"Fall",39.0005960540264,-71.7363951626952,-0.00575202525717506,0.00265867168802336
"fawn cusk-eel",2017,"Fall",40.6529686101248,-67.3062730101368,-0.00575202525717506,0.00265867168802336
"fawn cusk-eel",2018,"Fall",39.5058988247231,-71.4875487265817,-0.00575202525717506,0.00265867168802336
"fawn cusk-eel",2019,"Fall",39.5662465710975,-71.7571031951078,-0.00575202525717506,0.00265867168802336
"fourspot flounder",2010,"Spring",40.0590631553343,-70.1748252769586,0.00116703267334636,0.0222268999382773
"fourspot flounder",2011,"Spring",39.8889300729767,-70.5561509537444,0.00116703267334636,0.0222268999382773
"fourspot flounder",2012,"Spring",40.0834041977471,-70.8535164449225,0.00116703267334636,0.0222268999382773
"fourspot flounder",2013,"Spring",40.2212522520491,-69.1441331366871,0.00116703267334636,0.0222268999382773
"fourspot flounder",2014,"Spring",40.142776576769,-70.2554759953369,0.00116703267334636,0.0222268999382773
"fourspot flounder",2015,"Spring",40.074490034035,-70.1369605132564,0.00116703267334636,0.0222268999382773
"fourspot flounder",2016,"Spring",39.3711651721985,-71.4052331068205,0.00116703267334636,0.0222268999382773
"fourspot flounder",2017,"Spring",40.3129059765966,-68.9679189116578,0.00116703267334636,0.0222268999382773
"fourspot flounder",2018,"Spring",39.9236497396827,-69.3888663577278,0.00116703267334636,0.0222268999382773
"fourspot flounder",2019,"Spring",40.2792132159308,-69.2709074743684,0.00116703267334636,0.0222268999382773
"fourspot flounder",2010,"Fall",40.3578281971802,-69.9231331974633,0.00524119957113639,0.0287467810996061
"fourspot flounder",2011,"Fall",39.8717715388233,-70.9340734058011,0.00524119957113639,0.0287467810996061
"fourspot flounder",2012,"Fall",40.1353413051445,-70.8947164788584,0.00524119957113639,0.0287467810996061
"fourspot flounder",2013,"Fall",40.3021499602217,-70.5447036387841,0.00524119957113639,0.0287467810996061
"fourspot flounder",2014,"Fall",40.0580754737176,-70.844350094322,0.00524119957113639,0.0287467810996061
"fourspot flounder",2015,"Fall",40.4101643125585,-69.958399104741,0.00524119957113639,0.0287467810996061
"fourspot flounder",2016,"Fall",40.0376677845172,-70.4390994480437,0.00524119957113639,0.0287467810996061
"fourspot flounder",2017,"Fall",41.6178194954101,-67.1274065096971,0.00524119957113639,0.0287467810996061
"fourspot flounder",2018,"Fall",40.2689535271287,-70.337734258994,0.00524119957113639,0.0287467810996061
"fourspot flounder",2019,"Fall",40.2922389615257,-69.9402021126749,0.00524119957113639,0.0287467810996061
"goosefish",2010,"Spring",41.1866266949477,-69.9881502354304,0.0346508684085423,0.0454245188874405
"goosefish",2011,"Spring",39.9712309646445,-71.0949490724948,0.0346508684085423,0.0454245188874405
"goosefish",2012,"Spring",39.8469594399422,-71.712323148719,0.0346508684085423,0.0454245188874405
"goosefish",2013,"Spring",40.896712506481,-69.2746062613746,0.0346508684085423,0.0454245188874405
"goosefish",2014,"Spring",41.0571194295858,-70.0823107601682,0.0346508684085423,0.0454245188874405
"goosefish",2015,"Spring",41.375305590244,-69.3525897230816,0.0346508684085423,0.0454245188874405
"goosefish",2016,"Spring",41.0909604162667,-70.0176467879579,0.0346508684085423,0.0454245188874405
"goosefish",2017,"Spring",40.9381051395985,-69.210718685004,0.0346508684085423,0.0454245188874405
"goosefish",2018,"Spring",41.5372001428244,-68.4033597941435,0.0346508684085423,0.0454245188874405
"goosefish",2019,"Spring",41.486307787371,-69.2933647349083,0.0346508684085423,0.0454245188874405
"goosefish",2010,"Fall",41.3733964409476,-70.3285888117032,0.0103198882800116,0.0164861252238175
"goosefish",2011,"Fall",41.5819318857742,-70.0504249969464,0.0103198882800116,0.0164861252238175
"goosefish",2012,"Fall",41.57398152776,-69.7487423341221,0.0103198882800116,0.0164861252238175
"goosefish",2013,"Fall",41.6990935897707,-70.0272171553588,0.0103198882800116,0.0164861252238175
"goosefish",2014,"Fall",41.6821772086263,-69.9768279810904,0.0103198882800116,0.0164861252238175
"goosefish",2015,"Fall",42.0871860686631,-69.1488812985645,0.0103198882800116,0.0164861252238175
"goosefish",2016,"Fall",42.1316747800745,-69.2827680008831,0.0103198882800116,0.0164861252238175
"goosefish",2017,"Fall",42.1508010775592,-67.6516120903026,0.0103198882800116,0.0164861252238175
"goosefish",2018,"Fall",42.0441378520817,-69.2603931233524,0.0103198882800116,0.0164861252238175
"goosefish",2019,"Fall",41.8498122786712,-69.1130696036375,0.0103198882800116,0.0164861252238175
"gulf stream flounder",2010,"Spring",40.1368544108146,-71.0033186311801,-0.00377230332973552,-0.010164022713374
"gulf stream flounder",2011,"Spring",40.1058416015396,-71.2948232046538,-0.00377230332973552,-0.010164022713374
"gulf stream flounder",2012,"Spring",40.2512352896108,-71.5282453254555,-0.00377230332973552,-0.010164022713374
"gulf stream flounder",2013,"Spring",39.7560187025102,-71.6820472426729,-0.00377230332973552,-0.010164022713374
"gulf stream flounder",2014,"Spring",39.9624845387305,-71.0618181286823,-0.00377230332973552,-0.010164022713374
"gulf stream flounder",2015,"Spring",40.0887442942585,-71.5219306430706,-0.00377230332973552,-0.010164022713374
"gulf stream flounder",2016,"Spring",39.981120570827,-70.9708877235631,-0.00377230332973552,-0.010164022713374
"gulf stream flounder",2017,"Spring",40.0530540907892,-70.9892503920577,-0.00377230332973552,-0.010164022713374
"gulf stream flounder",2018,"Spring",40.0279367018206,-71.1163460823706,-0.00377230332973552,-0.010164022713374
"gulf stream flounder",2019,"Spring",40.0807555832181,-71.2109770779477,-0.00377230332973552,-0.010164022713374
"gulf stream flounder",2010,"Fall",40.2752218893235,-70.6551481918417,0.00191674640533392,-0.000767881551498565
"gulf stream flounder",2011,"Fall",40.3388406646137,-70.9452806777215,0.00191674640533392,-0.000767881551498565
"gulf stream flounder",2012,"Fall",40.4720020178733,-71.2509064328739,0.00191674640533392,-0.000767881551498565
"gulf stream flounder",2013,"Fall",40.1578303713665,-70.8304073863424,0.00191674640533392,-0.000767881551498565
"gulf stream flounder",2014,"Fall",40.2655315727256,-71.4032819529456,0.00191674640533392,-0.000767881551498565
"gulf stream flounder",2015,"Fall",39.3694536725364,-71.8079304394796,0.00191674640533392,-0.000767881551498565
"gulf stream flounder",2016,"Fall",40.3928889734675,-71.1074663054759,0.00191674640533392,-0.000767881551498565
"gulf stream flounder",2017,"Fall",40.7539199250228,-67.2490862547525,0.00191674640533392,-0.000767881551498565
"gulf stream flounder",2018,"Fall",40.2997588552489,-71.1710265518021,0.00191674640533392,-0.000767881551498565
"gulf stream flounder",2019,"Fall",40.1066806314698,-71.4862164910044,0.00191674640533392,-0.000767881551498565
"haddock",2010,"Spring",41.7142738270977,-67.4253675832662,-0.00175490602978869,-0.00542508095572325
"haddock",2011,"Spring",41.5864684818845,-67.0689083236457,-0.00175490602978869,-0.00542508095572325
"haddock",2012,"Spring",41.6870996612238,-67.225273332289,-0.00175490602978869,-0.00542508095572325
"haddock",2013,"Spring",42.0108109782602,-67.2223357728029,-0.00175490602978869,-0.00542508095572325
"haddock",2014,"Spring",41.4914868269282,-68.1080375376457,-0.00175490602978869,-0.00542508095572325
"haddock",2015,"Spring",41.9562573854585,-68.232449860308,-0.00175490602978869,-0.00542508095572325
"haddock",2016,"Spring",41.9008649529889,-68.28731809863,-0.00175490602978869,-0.00542508095572325
"haddock",2017,"Spring",41.9890999229497,-67.9886168051513,-0.00175490602978869,-0.00542508095572325
"haddock",2018,"Spring",41.8390967507275,-68.0863289814696,-0.00175490602978869,-0.00542508095572325
"haddock",2019,"Spring",42.0447073233976,-67.7886315757126,-0.00175490602978869,-0.00542508095572325
"haddock",2010,"Fall",42.0265504963605,-66.8120215032428,-0.00403550221482445,-0.00267459013502876
"haddock",2011,"Fall",41.7948865392105,-67.4393842912648,-0.00403550221482445,-0.00267459013502876
"haddock",2012,"Fall",42.0860012970474,-67.3267468163316,-0.00403550221482445,-0.00267459013502876
"haddock",2013,"Fall",41.836123121109,-67.5635529234359,-0.00403550221482445,-0.00267459013502876
"haddock",2014,"Fall",42.0709231353679,-67.6485236852608,-0.00403550221482445,-0.00267459013502876
"haddock",2015,"Fall",42.1366037390455,-67.5991014632407,-0.00403550221482445,-0.00267459013502876
"haddock",2016,"Fall",41.9796778976147,-67.7464678232189,-0.00403550221482445,-0.00267459013502876
"haddock",2017,"Fall",42.1028222696417,-67.878928404795,-0.00403550221482445,-0.00267459013502876
"haddock",2018,"Fall",42.3063035749983,-68.3201794834799,-0.00403550221482445,-0.00267459013502876
"haddock",2019,"Fall",42.4090048175664,-68.274992683707,-0.00403550221482445,-0.00267459013502876
"little skate",2010,"Spring",40.4524731867547,-71.5816871282098,-0.00417102967099701,-0.0153024667789376
"little skate",2011,"Spring",40.4081600761628,-70.6325557986246,-0.00417102967099701,-0.0153024667789376
"little skate",2012,"Spring",40.6557638297902,-70.1562725490372,-0.00417102967099701,-0.0153024667789376
"little skate",2013,"Spring",40.1992893856334,-71.3500324768492,-0.00417102967099701,-0.0153024667789376
"little skate",2014,"Spring",40.7679275845296,-70.304640481531,-0.00417102967099701,-0.0153024667789376
"little skate",2015,"Spring",40.1742107264007,-70.8735265019159,-0.00417102967099701,-0.0153024667789376
"little skate",2016,"Spring",40.7152799903722,-70.0666854520539,-0.00417102967099701,-0.0153024667789376
"little skate",2017,"Spring",40.3431933561553,-70.8978472207429,-0.00417102967099701,-0.0153024667789376
"little skate",2018,"Spring",40.6984686918262,-71.0153436257909,-0.00417102967099701,-0.0153024667789376
"little skate",2019,"Spring",40.5541018952554,-70.3213961987634,-0.00417102967099701,-0.0153024667789376
"little skate",2010,"Fall",40.5683698540599,-70.6470483126745,-0.00554489266223128,-0.0148053216892174
"little skate",2011,"Fall",40.5039738793522,-70.2018320691488,-0.00554489266223128,-0.0148053216892174
"little skate",2012,"Fall",40.8958543874046,-70.0325926578892,-0.00554489266223128,-0.0148053216892174
"little skate",2013,"Fall",40.9289122606931,-69.3565551078467,-0.00554489266223128,-0.0148053216892174
"little skate",2014,"Fall",40.5920447849196,-70.554896132346,-0.00554489266223128,-0.0148053216892174
"little skate",2015,"Fall",40.9740268685448,-69.4146734878117,-0.00554489266223128,-0.0148053216892174
"little skate",2016,"Fall",40.8622096345524,-69.4132959135932,-0.00554489266223128,-0.0148053216892174
"little skate",2017,"Fall",41.2949707139044,-67.6248946364348,-0.00554489266223128,-0.0148053216892174
"little skate",2018,"Fall",40.6432838752192,-71.071885255225,-0.00554489266223128,-0.0148053216892174
"little skate",2019,"Fall",41.0223054815369,-69.7197424369547,-0.00554489266223128,-0.0148053216892174
"longfin squid",2010,"Spring",38.6676768770141,-72.4098522620292,-0.00831128919032237,-0.00880882369764608
"longfin squid",2011,"Spring",37.8315790802152,-73.4519830718168,-0.00831128919032237,-0.00880882369764608
"longfin squid",2012,"Spring",38.5577848126765,-72.9471675490679,-0.00831128919032237,-0.00880882369764608
"longfin squid",2013,"Spring",38.3427458132491,-72.6047497712267,-0.00831128919032237,-0.00880882369764608
"longfin squid",2014,"Spring",39.5943783769944,-71.467984969397,-0.00831128919032237,-0.00880882369764608
"longfin squid",2015,"Spring",38.00928640804,-73.4142379678746,-0.00831128919032237,-0.00880882369764608
"longfin squid",2016,"Spring",39.0326159244015,-71.9454052268737,-0.00831128919032237,-0.00880882369764608
"longfin squid",2017,"Spring",38.7994934375721,-72.4595659241509,-0.00831128919032237,-0.00880882369764608
"longfin squid",2018,"Spring",38.7613292864924,-71.965223354228,-0.00831128919032237,-0.00880882369764608
"longfin squid",2019,"Spring",37.6976896986012,-73.6067864373161,-0.00831128919032237,-0.00880882369764608
"longfin squid",2010,"Fall",39.8086223217829,-71.0409810659818,0.00893567129343025,0.021359188870258
"longfin squid",2011,"Fall",38.8500716528011,-72.3213852139383,0.00893567129343025,0.021359188870258
"longfin squid",2012,"Fall",40.1033142632557,-70.4387846644666,0.00893567129343025,0.021359188870258
"longfin squid",2013,"Fall",39.369656512041,-71.7779517706839,0.00893567129343025,0.021359188870258
"longfin squid",2014,"Fall",39.6330428045081,-71.8926111737035,0.00893567129343025,0.021359188870258
"longfin squid",2015,"Fall",39.4799368497014,-71.7926558729592,0.00893567129343025,0.021359188870258
"longfin squid",2016,"Fall",39.789162977468,-71.6707882660447,0.00893567129343025,0.021359188870258
"longfin squid",2017,"Fall",41.03224465648,-68.2520614579961,0.00893567129343025,0.021359188870258
"longfin squid",2018,"Fall",39.6684161992934,-71.702639851999,0.00893567129343025,0.021359188870258
"longfin squid",2019,"Fall",39.3623729081756,-71.9089719163357,0.00893567129343025,0.021359188870258
"longhorn sculpin",2010,"Spring",42.0964764872572,-69.288207831896,0.0092458709318916,-0.01937822655741
"longhorn sculpin",2011,"Spring",42.0028680845399,-69.4575658109454,0.0092458709318916,-0.01937822655741
"longhorn sculpin",2012,"Spring",41.7591278422047,-68.6166741892658,0.0092458709318916,-0.01937822655741
"longhorn sculpin",2013,"Spring",42.1582755419365,-68.5150078199236,0.0092458709318916,-0.01937822655741
"longhorn sculpin",2014,"Spring",41.6277980256595,-68.2108717595008,0.0092458709318916,-0.01937822655741
"longhorn sculpin",2015,"Spring",42.043474400312,-68.5242048549182,0.0092458709318916,-0.01937822655741
"longhorn sculpin",2016,"Spring",42.0583689871261,-69.3508684210328,0.0092458709318916,-0.01937822655741
"longhorn sculpin",2017,"Spring",41.5943595160703,-69.1552208614868,0.0092458709318916,-0.01937822655741
"longhorn sculpin",2018,"Spring",41.508077896288,-69.1086238248057,0.0092458709318916,-0.01937822655741
"longhorn sculpin",2019,"Spring",41.6065707531192,-68.3538548842974,0.0092458709318916,-0.01937822655741
"longhorn sculpin",2010,"Fall",42.0790786825679,-67.640882302128,0.0119649454070114,-0.00845339197117853
"longhorn sculpin",2011,"Fall",41.7056929439506,-68.6906543058223,0.0119649454070114,-0.00845339197117853
"longhorn sculpin",2012,"Fall",42.2102304257689,-67.9378164275512,0.0119649454070114,-0.00845339197117853
"longhorn sculpin",2013,"Fall",42.1848525469782,-68.0423610103083,0.0119649454070114,-0.00845339197117853
"longhorn sculpin",2014,"Fall",42.1261442426346,-67.8129795930238,0.0119649454070114,-0.00845339197117853
"longhorn sculpin",2015,"Fall",42.0733130398717,-67.0225609793798,0.0119649454070114,-0.00845339197117853
"longhorn sculpin",2016,"Fall",42.4198098926333,-68.5950320203056,0.0119649454070114,-0.00845339197117853
"longhorn sculpin",2017,"Fall",42.0867137431604,-68.4998764194284,0.0119649454070114,-0.00845339197117853
"longhorn sculpin",2018,"Fall",42.1080877363794,-68.6066710443387,0.0119649454070114,-0.00845339197117853
"longhorn sculpin",2019,"Fall",42.2226872094488,-68.3678146007381,0.0119649454070114,-0.00845339197117853
"northern sand lance",2010,"Spring",42.1588114689768,-70.116424213897,0.0308861299799779,0.0366949377819184
"northern sand lance",2011,"Spring",41.6368266092317,-69.7105184584273,0.0308861299799779,0.0366949377819184
"northern sand lance",2012,"Spring",40.3439102727273,-72.7198409090909,0.0308861299799779,0.0366949377819184
"northern sand lance",2013,"Spring",41.6490204210526,-69.5674109255456,0.0308861299799779,0.0366949377819184
"northern sand lance",2014,"Spring",41.5888471314985,-67.9814316544342,0.0308861299799779,0.0366949377819184
"northern sand lance",2015,"Spring",41.5248669150151,-69.7194939862175,0.0308861299799779,0.0366949377819184
"northern sand lance",2016,"Spring",40.6842497516238,-69.8072455918364,0.0308861299799779,0.0366949377819184
"northern sand lance",2017,"Spring",42.2685599727273,-69.8278236201299,0.0308861299799779,0.0366949377819184
"northern sand lance",2018,"Spring",40.931383,-71.544113,0.0308861299799779,0.0366949377819184
"northern sand lance",2019,"Spring",39.8319400978223,-72.762255488766,0.0308861299799779,0.0366949377819184
"northern sand lance",2010,"Fall",39.6544606701899,-73.0781985947152,-0.0107336257603092,-0.0155715952732534
"northern sand lance",2011,"Fall",36.9781771031084,-74.9121942850645,-0.0107336257603092,-0.0155715952732534
"northern sand lance",2012,"Fall",42.008202,-69.529673,-0.0107336257603092,-0.0155715952732534
"northern sand lance",2013,"Fall",41.8273169975017,-66.1786781360063,-0.0107336257603092,-0.0155715952732534
"northern sand lance",2014,"Fall",41.323362,-68.010568,-0.0107336257603092,-0.0155715952732534
"northern sand lance",2015,"Fall",40.9058229667519,-70.0777532890025,-0.0107336257603092,-0.0155715952732534
"northern sand lance",2016,"Fall",41.2457910169491,-68.2764907584746,-0.0107336257603092,-0.0155715952732534
"northern sand lance",2017,"Fall",41.757257,-67.990685,-0.0107336257603092,-0.0155715952732534
"northern sand lance",2018,"Fall",40.097022948045,-73.0149050712373,-0.0107336257603092,-0.0155715952732534
"northern sand lance",2019,"Fall",38.2101349295235,-74.2473883094421,-0.0107336257603092,-0.0155715952732534
"northern shortfin squid",2010,"Spring",39.9390825709907,-70.2951069439552,0.0142848798460387,0.0190174014369687
"northern shortfin squid",2011,"Spring",39.2936075615364,-70.6555910779941,0.0142848798460387,0.0190174014369687
"northern shortfin squid",2012,"Spring",37.9437385737992,-73.5028777431274,0.0142848798460387,0.0190174014369687
"northern shortfin squid",2013,"Spring",38.8100073970779,-72.3986644074612,0.0142848798460387,0.0190174014369687
"northern shortfin squid",2014,"Spring",40.1373587874996,-69.1663898832031,0.0142848798460387,0.0190174014369687
"northern shortfin squid",2015,"Spring",37.526327401831,-74.1121421309542,0.0142848798460387,0.0190174014369687
"northern shortfin squid",2016,"Spring",38.3863994059296,-72.4037312186948,0.0142848798460387,0.0190174014369687
"northern shortfin squid",2017,"Spring",39.1057202870626,-71.8598066327582,0.0142848798460387,0.0190174014369687
"northern shortfin squid",2018,"Spring",38.872177309873,-71.3481074121409,0.0142848798460387,0.0190174014369687
"northern shortfin squid",2019,"Spring",40.0944211232349,-68.8129754601117,0.0142848798460387,0.0190174014369687
"northern shortfin squid",2010,"Fall",37.6622188440961,-73.3899818660304,-0.041763144243857,-0.0390045258745709
"northern shortfin squid",2011,"Fall",38.5908968195485,-72.2475233443431,-0.041763144243857,-0.0390045258745709
"northern shortfin squid",2012,"Fall",38.5569563260682,-72.6295507073753,-0.041763144243857,-0.0390045258745709
"northern shortfin squid",2013,"Fall",37.6851969760132,-73.2697801689643,-0.041763144243857,-0.0390045258745709
"northern shortfin squid",2014,"Fall",38.9389650807761,-72.0912760600078,-0.041763144243857,-0.0390045258745709
"northern shortfin squid",2015,"Fall",39.2412505153466,-71.7575697159747,-0.041763144243857,-0.0390045258745709
"northern shortfin squid",2016,"Fall",38.7873622885352,-72.7029756966266,-0.041763144243857,-0.0390045258745709
"northern shortfin squid",2017,"Fall",41.2029850565254,-67.4513711225293,-0.041763144243857,-0.0390045258745709
"northern shortfin squid",2018,"Fall",37.9817908294352,-73.2385279173763,-0.041763144243857,-0.0390045258745709
"northern shortfin squid",2019,"Fall",38.6379063790666,-72.7161885263589,-0.041763144243857,-0.0390045258745709
"ocean pout",2010,"Spring",41.0214729611162,-69.6507068386899,0.0159769744287083,0.0143422027675616
"ocean pout",2011,"Spring",40.5988189854174,-70.99877059653,0.0159769744287083,0.0143422027675616
"ocean pout",2012,"Spring",40.9746063010389,-70.8556002434543,0.0159769744287083,0.0143422027675616
"ocean pout",2013,"Spring",41.1711781001487,-71.4023810740992,0.0159769744287083,0.0143422027675616
"ocean pout",2014,"Spring",41.5010366978726,-71.2484999817018,0.0159769744287083,0.0143422027675616
"ocean pout",2015,"Spring",42.2221176434916,-69.9383768585235,0.0159769744287083,0.0143422027675616
"ocean pout",2016,"Spring",42.1912822169181,-69.64435776545,0.0159769744287083,0.0143422027675616
"ocean pout",2017,"Spring",42.25200713557,-69.9545852907355,0.0159769744287083,0.0143422027675616
"ocean pout",2018,"Spring",42.293378669739,-70.3958565458914,0.0159769744287083,0.0143422027675616
"ocean pout",2019,"Spring",41.6915684056496,-69.0241922100861,0.0159769744287083,0.0143422027675616
"ocean pout",2010,"Fall",41.0442074704412,-67.2134432170282,0.00746020634132757,0.0386359277864214
"ocean pout",2011,"Fall",41.3225276430087,-68.116400377189,0.00746020634132757,0.0386359277864214
"ocean pout",2012,"Fall",41.2342115727422,-69.2934011645178,0.00746020634132757,0.0386359277864214
"ocean pout",2013,"Fall",41.5199055226174,-68.4371154311314,0.00746020634132757,0.0386359277864214
"ocean pout",2014,"Fall",41.7876254267272,-69.6094618347454,0.00746020634132757,0.0386359277864214
"ocean pout",2015,"Fall",41.9157817429922,-69.2180283960269,0.00746020634132757,0.0386359277864214
"ocean pout",2016,"Fall",42.1340140309059,-69.7044402193309,0.00746020634132757,0.0386359277864214
"ocean pout",2017,"Fall",42.4460637506783,-69.7764246225842,0.00746020634132757,0.0386359277864214
"ocean pout",2018,"Fall",41.9592317425189,-69.6464551482801,0.00746020634132757,0.0386359277864214
"ocean pout",2019,"Fall",41.8508660941144,-68.7544143537404,0.00746020634132757,0.0386359277864214
"pollock",2010,"Spring",42.2477675415046,-67.5127371050695,0.0107613231358102,-0.0148715657795454
"pollock",2011,"Spring",42.6858197230171,-69.971754359099,0.0107613231358102,-0.0148715657795454
"pollock",2012,"Spring",42.8069547158805,-69.2229210236122,0.0107613231358102,-0.0148715657795454
"pollock",2013,"Spring",42.9282865210706,-69.3174730466863,0.0107613231358102,-0.0148715657795454
"pollock",2014,"Spring",42.1719845473941,-66.4660957299326,0.0107613231358102,-0.0148715657795454
"pollock",2015,"Spring",42.8407290071741,-68.8644639756812,0.0107613231358102,-0.0148715657795454
"pollock",2016,"Spring",42.3843615286237,-66.8743667042491,0.0107613231358102,-0.0148715657795454
"pollock",2017,"Spring",42.1892814355691,-66.5680700263398,0.0107613231358102,-0.0148715657795454
"pollock",2018,"Spring",42.9023142918925,-69.2133566936939,0.0107613231358102,-0.0148715657795454
"pollock",2019,"Spring",42.3697715961133,-67.0754520373903,0.0107613231358102,-0.0148715657795454
"pollock",2010,"Fall",42.8383479726093,-69.3776326856046,0.00543193657853745,0.0108510386839817
"pollock",2011,"Fall",42.8103373120416,-69.7449675535926,0.00543193657853745,0.0108510386839817
"pollock",2012,"Fall",42.5617569139495,-67.2495108011017,0.00543193657853745,0.0108510386839817
"pollock",2013,"Fall",42.6541586481522,-68.0165060971305,0.00543193657853745,0.0108510386839817
"pollock",2014,"Fall",43.0518744082358,-67.7687242419874,0.00543193657853745,0.0108510386839817
"pollock",2015,"Fall",42.628742154231,-67.6300466851378,0.00543193657853745,0.0108510386839817
"pollock",2016,"Fall",42.7822006051426,-69.4722593964404,0.00543193657853745,0.0108510386839817
"pollock",2017,"Fall",42.7710408955797,-67.2460195056469,0.00543193657853745,0.0108510386839817
"pollock",2018,"Fall",42.4890460790159,-68.7608837691787,0.00543193657853745,0.0108510386839817
"pollock",2019,"Fall",43.3276321443286,-67.3726080994307,0.00543193657853745,0.0108510386839817
"red hake",2010,"Spring",41.7661245723955,-68.3164156124432,0.0313478744877645,0.0549952012449128
"red hake",2011,"Spring",41.1294461796438,-67.7999348395248,0.0313478744877645,0.0549952012449128
"red hake",2012,"Spring",41.226553594109,-69.3467756936854,0.0313478744877645,0.0549952012449128
"red hake",2013,"Spring",41.5483106399901,-67.7116389801562,0.0313478744877645,0.0549952012449128
"red hake",2014,"Spring",42.1495378658088,-68.8156812649001,0.0313478744877645,0.0549952012449128
"red hake",2015,"Spring",42.1187375916796,-68.3413813128818,0.0313478744877645,0.0549952012449128
"red hake",2016,"Spring",42.234058547361,-68.9010725140345,0.0313478744877645,0.0549952012449128
"red hake",2017,"Spring",42.2327739445133,-68.5478625864665,0.0313478744877645,0.0549952012449128
"red hake",2018,"Spring",42.1847684803845,-68.3384061291927,0.0313478744877645,0.0549952012449128
"red hake",2019,"Spring",42.2097596080176,-68.7267721696488,0.0313478744877645,0.0549952012449128
"red hake",2010,"Fall",41.3181937960835,-69.0784900541537,0.022264453747046,0.0195553958120918
"red hake",2011,"Fall",41.7694541814732,-68.6490297136272,0.022264453747046,0.0195553958120918
"red hake",2012,"Fall",41.8503023269282,-68.9130926381982,0.022264453747046,0.0195553958120918
"red hake",2013,"Fall",42.0720102478605,-68.6746748135128,0.022264453747046,0.0195553958120918
"red hake",2014,"Fall",42.2941109966683,-69.0211695807942,0.022264453747046,0.0195553958120918
"red hake",2015,"Fall",42.3066736589354,-68.6802923045812,0.022264453747046,0.0195553958120918
"red hake",2016,"Fall",42.1769980989205,-68.86687140332,0.022264453747046,0.0195553958120918
"red hake",2017,"Fall",42.5305750579131,-68.5214830749897,0.022264453747046,0.0195553958120918
"red hake",2018,"Fall",42.1134636032401,-69.1173335163903,0.022264453747046,0.0195553958120918
"red hake",2019,"Fall",42.1651694112475,-68.9466630393705,0.022264453747046,0.0195553958120918
"scup",2010,"Spring",39.1094292205257,-72.7492748043246,0.0460166587377367,0.0401303369996586
"scup",2011,"Spring",38.8734664516629,-72.9929158608097,0.0460166587377367,0.0401303369996586
"scup",2012,"Spring",40.0968178583216,-72.3513460713311,0.0460166587377367,0.0401303369996586
"scup",2013,"Spring",39.1253434125696,-72.8582065178238,0.0460166587377367,0.0401303369996586
"scup",2014,"Spring",39.6891168322402,-72.4547367920284,0.0460166587377367,0.0401303369996586
"scup",2015,"Spring",39.4738552634893,-72.4219413280254,0.0460166587377367,0.0401303369996586
"scup",2016,"Spring",40.1542186030164,-71.7635163686464,0.0460166587377367,0.0401303369996586
"scup",2017,"Spring",39.3281230968833,-72.5880378946327,0.0460166587377367,0.0401303369996586
"scup",2018,"Spring",39.2917877155934,-72.5597039781066,0.0460166587377367,0.0401303369996586
"scup",2019,"Spring",40.1010216976851,-71.8217546490478,0.0460166587377367,0.0401303369996586
"scup",2010,"Fall",40.5747934344496,-71.0848284277097,0.00253847922295885,0.00335610338800617
"scup",2011,"Fall",39.1488444976314,-72.165088661238,0.00253847922295885,0.00335610338800617
"scup",2012,"Fall",40.0381619952036,-72.1865368983843,0.00253847922295885,0.00335610338800617
"scup",2013,"Fall",40.9412676838363,-70.5000791016268,0.00253847922295885,0.00335610338800617
"scup",2014,"Fall",41.0002721474971,-71.0412631773361,0.00253847922295885,0.00335610338800617
"scup",2015,"Fall",39.8176513211884,-71.8488224759009,0.00253847922295885,0.00335610338800617
"scup",2016,"Fall",40.9681088381353,-70.8507418584329,0.00253847922295885,0.00335610338800617
"scup",2017,"Fall",43.50150790625,-68.43689696875,0.00253847922295885,0.00335610338800617
"scup",2018,"Fall",40.6569264671605,-72.3573230278986,0.00253847922295885,0.00335610338800617
"scup",2019,"Fall",40.8532275890426,-71.2490188093972,0.00253847922295885,0.00335610338800617
"sea raven",2010,"Spring",43.022959797263,-67.2741360484129,0.013173217537809,0.0215154667954212
"sea raven",2011,"Spring",42.2550724445454,-68.038372633485,0.013173217537809,0.0215154667954212
"sea raven",2012,"Spring",42.4301759848585,-68.3024045932999,0.013173217537809,0.0215154667954212
"sea raven",2013,"Spring",41.8644694023877,-67.3814815232424,0.013173217537809,0.0215154667954212
"sea raven",2014,"Spring",41.9767203877761,-67.3817330185585,0.013173217537809,0.0215154667954212
"sea raven",2015,"Spring",42.1802540872563,-67.4890154104298,0.013173217537809,0.0215154667954212
"sea raven",2016,"Spring",42.1132700963999,-68.3374630635808,0.013173217537809,0.0215154667954212
"sea raven",2017,"Spring",41.6452593733647,-68.0177309775371,0.013173217537809,0.0215154667954212
"sea raven",2018,"Spring",41.8634533027404,-67.4002158813094,0.013173217537809,0.0215154667954212
"sea raven",2019,"Spring",42.2516045262137,-67.2332091325238,0.013173217537809,0.0215154667954212
"sea raven",2010,"Fall",42.8802596229589,-67.6581694207083,0.00775724389822634,0.00678229926551391
"sea raven",2011,"Fall",42.105005276267,-68.4467846661228,0.00775724389822634,0.00678229926551391
"sea raven",2012,"Fall",41.3747187227,-69.0606956820309,0.00775724389822634,0.00678229926551391
"sea raven",2013,"Fall",42.0373385545454,-68.3912210357552,0.00775724389822634,0.00678229926551391
"sea raven",2014,"Fall",42.1078302761912,-67.5600700498327,0.00775724389822634,0.00678229926551391
"sea raven",2015,"Fall",41.9025068539182,-67.0093556733825,0.00775724389822634,0.00678229926551391
"sea raven",2016,"Fall",42.0087718483022,-67.2336583374399,0.00775724389822634,0.00678229926551391
"sea raven",2017,"Fall",42.0149594650958,-68.1558415409683,0.00775724389822634,0.00678229926551391
"sea raven",2018,"Fall",42.0027813856846,-67.217657581837,0.00775724389822634,0.00678229926551391
"sea raven",2019,"Fall",42.2375235254831,-67.0268349837903,0.00775724389822634,0.00678229926551391
"silver hake",2010,"Spring",41.906521873107,-68.9409992178066,0.0444738528562299,0.040740506693736
"silver hake",2011,"Spring",41.6562299211075,-68.9892896821771,0.0444738528562299,0.040740506693736
"silver hake",2012,"Spring",42.3210861217806,-68.9901376064301,0.0444738528562299,0.040740506693736
"silver hake",2013,"Spring",42.2319621567628,-68.030601730663,0.0444738528562299,0.040740506693736
"silver hake",2014,"Spring",42.6512796296812,-68.2127430227182,0.0444738528562299,0.040740506693736
"silver hake",2015,"Spring",42.3625796358968,-68.181199213946,0.0444738528562299,0.040740506693736
"silver hake",2016,"Spring",42.7777461543982,-68.1375001384832,0.0444738528562299,0.040740506693736
"silver hake",2017,"Spring",42.7142279118571,-68.5397702945136,0.0444738528562299,0.040740506693736
"silver hake",2018,"Spring",42.4765382682296,-68.6575304492608,0.0444738528562299,0.040740506693736
"silver hake",2019,"Spring",42.4637988035074,-68.902052697596,0.0444738528562299,0.040740506693736
"silver hake",2010,"Fall",42.4867469006015,-68.7846880223527,0.0197060469155327,0.0132958934783526
"silver hake",2011,"Fall",42.0727347135049,-69.0496781971077,0.0197060469155327,0.0132958934783526
"silver hake",2012,"Fall",42.9736980490002,-68.6976624023526,0.0197060469155327,0.0132958934783526
"silver hake",2013,"Fall",42.7938251035671,-68.5012794435087,0.0197060469155327,0.0132958934783526
"silver hake",2014,"Fall",42.5987102667791,-68.8235581873615,0.0197060469155327,0.0132958934783526
"silver hake",2015,"Fall",42.9441332494709,-68.2472821740585,0.0197060469155327,0.0132958934783526
"silver hake",2016,"Fall",42.8570838927149,-68.5983634838221,0.0197060469155327,0.0132958934783526
"silver hake",2017,"Fall",43.0499899912285,-68.7404387408462,0.0197060469155327,0.0132958934783526
"silver hake",2018,"Fall",42.526743152065,-69.3378629993641,0.0197060469155327,0.0132958934783526
"silver hake",2019,"Fall",42.5214653611637,-69.2371330442579,0.0197060469155327,0.0132958934783526
"smooth dogfish",2010,"Spring",36.8813652243792,-74.479972947662,0.000755072631413505,0.00450113720841227
"smooth dogfish",2011,"Spring",36.4302643916466,-74.7222481307643,0.000755072631413505,0.00450113720841227
"smooth dogfish",2012,"Spring",35.7469944842775,-74.821529379414,0.000755072631413505,0.00450113720841227
"smooth dogfish",2013,"Spring",36.0512599658638,-74.80475247408,0.000755072631413505,0.00450113720841227
"smooth dogfish",2014,"Spring",37.9250874753588,-73.9430064329471,0.000755072631413505,0.00450113720841227
"smooth dogfish",2015,"Spring",35.8446935911458,-74.9175603456023,0.000755072631413505,0.00450113720841227
"smooth dogfish",2016,"Spring",36.7408677205516,-74.6070290306479,0.000755072631413505,0.00450113720841227
"smooth dogfish",2017,"Spring",36.2996446937386,-74.7461285190227,0.000755072631413505,0.00450113720841227
"smooth dogfish",2018,"Spring",36.4947615520457,-74.6147518648528,0.000755072631413505,0.00450113720841227
"smooth dogfish",2019,"Spring",36.3004294114882,-74.7679959777676,0.000755072631413505,0.00450113720841227
"smooth dogfish",2010,"Fall",39.9495662659189,-73.1137217095912,0.0253762250417059,0.0598781914465296
"smooth dogfish",2011,"Fall",39.902399673659,-73.0855986735178,0.0253762250417059,0.0598781914465296
"smooth dogfish",2012,"Fall",40.6331877863469,-72.272584139764,0.0253762250417059,0.0598781914465296
"smooth dogfish",2013,"Fall",40.4861170900409,-72.097992551046,0.0253762250417059,0.0598781914465296
"smooth dogfish",2014,"Fall",40.21974539582,-71.7878894263275,0.0253762250417059,0.0598781914465296
"smooth dogfish",2015,"Fall",40.8039316041746,-71.864930035975,0.0253762250417059,0.0598781914465296
"smooth dogfish",2016,"Fall",41.1296334571277,-68.3511657150053,0.0253762250417059,0.0598781914465296
"smooth dogfish",2017,"Fall",40.9804242817545,-67.9302035083765,0.0253762250417059,0.0598781914465296
"smooth dogfish",2018,"Fall",40.7177799450469,-72.4650653679259,0.0253762250417059,0.0598781914465296
"smooth dogfish",2019,"Fall",40.9457848445414,-69.0698975579278,0.0253762250417059,0.0598781914465296
"smooth skate",2010,"Spring",42.7994641738199,-67.4158123626776,0.011630991742786,0.0189008544175634
"smooth skate",2011,"Spring",42.664087705289,-67.4997665020342,0.011630991742786,0.0189008544175634
"smooth skate",2012,"Spring",43.0189886953295,-67.8950029111394,0.011630991742786,0.0189008544175634
"smooth skate",2013,"Spring",42.582446339542,-67.1672996275836,0.011630991742786,0.0189008544175634
"smooth skate",2014,"Spring",43.5239784232258,-67.6784586319454,0.011630991742786,0.0189008544175634
"smooth skate",2015,"Spring",42.9747578890771,-67.5304399170997,0.011630991742786,0.0189008544175634
"smooth skate",2016,"Spring",42.8936653275993,-67.623217573424,0.011630991742786,0.0189008544175634
"smooth skate",2017,"Spring",42.6103385525501,-67.491474892369,0.011630991742786,0.0189008544175634
"smooth skate",2018,"Spring",43.4622544534235,-67.5168023511143,0.011630991742786,0.0189008544175634
"smooth skate",2019,"Spring",43.1778711545533,-67.7273504544102,0.011630991742786,0.0189008544175634
"smooth skate",2010,"Fall",42.5631318255884,-67.7157306467383,0.0108920070960794,0.000544575261785613
"smooth skate",2011,"Fall",42.4216503278525,-67.494576568048,0.0108920070960794,0.000544575261785613
"smooth skate",2012,"Fall",42.6686460774668,-67.6173178838008,0.0108920070960794,0.000544575261785613
"smooth skate",2013,"Fall",42.4857441738047,-67.3972410545623,0.0108920070960794,0.000544575261785613
"smooth skate",2014,"Fall",42.7733361611799,-68.2039989569669,0.0108920070960794,0.000544575261785613
"smooth skate",2015,"Fall",42.6703836444819,-67.6544818648224,0.0108920070960794,0.000544575261785613
"smooth skate",2016,"Fall",42.543744157642,-68.6425677136118,0.0108920070960794,0.000544575261785613
"smooth skate",2017,"Fall",42.7158373973802,-68.1980407788454,0.0108920070960794,0.000544575261785613
"smooth skate",2018,"Fall",42.0765127007772,-68.501411005523,0.0108920070960794,0.000544575261785613
"smooth skate",2019,"Fall",43.0522951143066,-68.2738705946743,0.0108920070960794,0.000544575261785613
"spiny dogfish",2010,"Spring",37.5593742265168,-73.9198422032222,-0.025130478464973,-0.0339503716951162
"spiny dogfish",2011,"Spring",37.7414029990926,-73.8814203095877,-0.025130478464973,-0.0339503716951162
"spiny dogfish",2012,"Spring",39.601167931021,-71.8224692670662,-0.025130478464973,-0.0339503716951162
"spiny dogfish",2013,"Spring",39.3291741820945,-72.2782680025573,-0.025130478464973,-0.0339503716951162
"spiny dogfish",2014,"Spring",40.074415608521,-70.5842420696692,-0.025130478464973,-0.0339503716951162
"spiny dogfish",2015,"Spring",38.2811930103185,-73.5728375883047,-0.025130478464973,-0.0339503716951162
"spiny dogfish",2016,"Spring",40.7799007464302,-69.9347331785608,-0.025130478464973,-0.0339503716951162
"spiny dogfish",2017,"Spring",38.556243709467,-73.0910919741988,-0.025130478464973,-0.0339503716951162
"spiny dogfish",2018,"Spring",37.6089636153604,-73.7949320768005,-0.025130478464973,-0.0339503716951162
"spiny dogfish",2019,"Spring",38.0441239539864,-73.5685714449454,-0.025130478464973,-0.0339503716951162
"spiny dogfish",2010,"Fall",41.1111945376485,-69.1334074523834,0.00909582471106562,0.00941380685214558
"spiny dogfish",2011,"Fall",41.6369439577446,-69.1287117563894,0.00909582471106562,0.00941380685214558
"spiny dogfish",2012,"Fall",41.4340144593054,-68.9789255767259,0.00909582471106562,0.00941380685214558
"spiny dogfish",2013,"Fall",41.7571698720673,-68.8969825924952,0.00909582471106562,0.00941380685214558
"spiny dogfish",2014,"Fall",41.819449036236,-68.3861090195618,0.00909582471106562,0.00941380685214558
"spiny dogfish",2015,"Fall",41.4276527916637,-69.5085025656412,0.00909582471106562,0.00941380685214558
"spiny dogfish",2016,"Fall",42.1531748222637,-69.335826691124,0.00909582471106562,0.00941380685214558
"spiny dogfish",2017,"Fall",42.3116635601086,-69.3595864306065,0.00909582471106562,0.00941380685214558
"spiny dogfish",2018,"Fall",41.4240463304302,-68.8794586116005,0.00909582471106562,0.00941380685214558
"spiny dogfish",2019,"Fall",41.4893535001139,-68.5276021504243,0.00909582471106562,0.00941380685214558
"spotted hake",2010,"Spring",38.6133010065337,-72.9012707376958,0.0152141906131628,0.0164488755658745
"spotted hake",2011,"Spring",38.0259686258688,-73.5026239694955,0.0152141906131628,0.0164488755658745
"spotted hake",2012,"Spring",36.5827170167315,-74.4063684195039,0.0152141906131628,0.0164488755658745
"spotted hake",2013,"Spring",38.5210672986733,-72.7204788994219,0.0152141906131628,0.0164488755658745
"spotted hake",2014,"Spring",39.1717903373803,-72.3212732861541,0.0152141906131628,0.0164488755658745
"spotted hake",2015,"Spring",36.4351801125081,-74.3855314782798,0.0152141906131628,0.0164488755658745
"spotted hake",2016,"Spring",37.6676576797875,-73.8878998385629,0.0152141906131628,0.0164488755658745
"spotted hake",2017,"Spring",37.7696576457711,-73.3447952992538,0.0152141906131628,0.0164488755658745
"spotted hake",2018,"Spring",38.4441140698108,-72.9702078652714,0.0152141906131628,0.0164488755658745
"spotted hake",2019,"Spring",37.0384240137951,-73.9099193950797,0.0152141906131628,0.0164488755658745
"spotted hake",2010,"Fall",37.988150997178,-73.7300879867247,0.0372931879995952,0.039022735601854
"spotted hake",2011,"Fall",37.6346318700048,-73.743258942032,0.0372931879995952,0.039022735601854
"spotted hake",2012,"Fall",38.9354393722966,-73.0346792103229,0.0372931879995952,0.039022735601854
"spotted hake",2013,"Fall",37.8894087965407,-73.5920585047861,0.0372931879995952,0.039022735601854
"spotted hake",2014,"Fall",38.7013076939438,-73.1347495039396,0.0372931879995952,0.039022735601854
"spotted hake",2015,"Fall",38.8485829206888,-72.6502755224918,0.0372931879995952,0.039022735601854
"spotted hake",2016,"Fall",38.890084200784,-72.7942224177875,0.0372931879995952,0.039022735601854
"spotted hake",2017,"Fall",40.5979071172204,-67.7013240013121,0.0372931879995952,0.039022735601854
"spotted hake",2018,"Fall",39.2128756396027,-72.5479567684953,0.0372931879995952,0.039022735601854
"spotted hake",2019,"Fall",38.539044454619,-72.8854418478883,0.0372931879995952,0.039022735601854
"summer flounder",2010,"Spring",39.2772998382848,-72.2791848346106,0.0256956071564752,0.029929557979411
"summer flounder",2011,"Spring",39.2378232696022,-72.3419811231099,0.0256956071564752,0.029929557979411
"summer flounder",2012,"Spring",39.7688811284136,-71.9937832276843,0.0256956071564752,0.029929557979411
"summer flounder",2013,"Spring",39.6266690797636,-71.2806788910305,0.0256956071564752,0.029929557979411
"summer flounder",2014,"Spring",39.9592501565021,-70.8334361645666,0.0256956071564752,0.029929557979411
"summer flounder",2015,"Spring",39.2242396662605,-72.3614811687907,0.0256956071564752,0.029929557979411
"summer flounder",2016,"Spring",39.9541321756836,-71.5202995968484,0.0256956071564752,0.029929557979411
"summer flounder",2017,"Spring",39.4581580154655,-71.6179209398813,0.0256956071564752,0.029929557979411
"summer flounder",2018,"Spring",39.5905880499997,-71.7471270058762,0.0256956071564752,0.029929557979411
"summer flounder",2019,"Spring",39.4976592932311,-71.7757219216254,0.0256956071564752,0.029929557979411
"summer flounder",2010,"Fall",40.225133068019,-72.5441435519352,0.0305567226413416,0.0443448202647134
"summer flounder",2011,"Fall",40.5996575799181,-71.0788552215864,0.0305567226413416,0.0443448202647134
"summer flounder",2012,"Fall",40.8299373550593,-71.4510283269037,0.0305567226413416,0.0443448202647134
"summer flounder",2013,"Fall",40.8408088794325,-70.8960827021559,0.0305567226413416,0.0443448202647134
"summer flounder",2014,"Fall",40.3618892158482,-72.0530700508371,0.0305567226413416,0.0443448202647134
"summer flounder",2015,"Fall",40.7762644125673,-71.07417504709,0.0305567226413416,0.0443448202647134
"summer flounder",2016,"Fall",40.8510694998167,-70.5722743382526,0.0305567226413416,0.0443448202647134
"summer flounder",2017,"Fall",40.9708166886697,-67.9879653352689,0.0305567226413416,0.0443448202647134
"summer flounder",2018,"Fall",40.7613132683866,-71.0315112297457,0.0305567226413416,0.0443448202647134
"summer flounder",2019,"Fall",40.6880423913647,-70.6354946170823,0.0305567226413416,0.0443448202647134
"tautog",2012,"Spring",38.722418,-74.601817,0.00921480743758052,0.0111607978548819
"thorny skate",2010,"Spring",42.7221046615219,-68.4323756401754,0.000545822967821071,0.00343264160311356
"thorny skate",2011,"Spring",42.2393078176548,-68.5275757253632,0.000545822967821071,0.00343264160311356
"thorny skate",2012,"Spring",42.6758857106653,-68.6540743459044,0.000545822967821071,0.00343264160311356
"thorny skate",2013,"Spring",42.4959983944413,-68.2532411482711,0.000545822967821071,0.00343264160311356
"thorny skate",2014,"Spring",42.8818815221133,-68.9095878867676,0.000545822967821071,0.00343264160311356
"thorny skate",2015,"Spring",42.507092167423,-68.4706596386672,0.000545822967821071,0.00343264160311356
"thorny skate",2016,"Spring",42.173562693748,-66.9401460341773,0.000545822967821071,0.00343264160311356
"thorny skate",2017,"Spring",42.6484245733422,-70.1725694884771,0.000545822967821071,0.00343264160311356
"thorny skate",2018,"Spring",42.7057442819234,-69.6049582784824,0.000545822967821071,0.00343264160311356
"thorny skate",2019,"Spring",42.4485878096897,-69.4252163868409,0.000545822967821071,0.00343264160311356
"thorny skate",2010,"Fall",41.8864979090873,-68.1873622202519,0.00264750560942543,-0.000855284436467507
"thorny skate",2011,"Fall",42.5670882147216,-68.3783193046234,0.00264750560942543,-0.000855284436467507
"thorny skate",2012,"Fall",42.5308247507701,-69.3094192507423,0.00264750560942543,-0.000855284436467507
"thorny skate",2013,"Fall",41.771258719434,-67.3004389804198,0.00264750560942543,-0.000855284436467507
"thorny skate",2014,"Fall",42.3940525672549,-68.2297342537872,0.00264750560942543,-0.000855284436467507
"thorny skate",2015,"Fall",42.2910958706101,-69.0550757824079,0.00264750560942543,-0.000855284436467507
"thorny skate",2016,"Fall",42.4469359102666,-68.9656397857906,0.00264750560942543,-0.000855284436467507
"thorny skate",2017,"Fall",42.7158683289379,-68.3546979428268,0.00264750560942543,-0.000855284436467507
"thorny skate",2018,"Fall",42.3478809909199,-68.9153641251466,0.00264750560942543,-0.000855284436467507
"thorny skate",2019,"Fall",42.6982557498461,-68.7986756286586,0.00264750560942543,-0.000855284436467507
"weakfish",2010,"Spring",39.546853097337,-72.3075142836474,0.0503107257892622,0.0485067120411265
"weakfish",2011,"Spring",39.9017180031056,-71.3258258291925,0.0503107257892622,0.0485067120411265
"weakfish",2012,"Spring",40.021731492284,-72.0061857125771,0.0503107257892622,0.0485067120411265
"weakfish",2013,"Spring",36.0483090694623,-74.8178240466206,0.0503107257892622,0.0485067120411265
"weakfish",2014,"Spring",39.7107277394455,-72.4304246155561,0.0503107257892622,0.0485067120411265
"weakfish",2015,"Spring",39.6587061093494,-72.2496417736468,0.0503107257892622,0.0485067120411265
"weakfish",2016,"Spring",37.8593885331148,-74.294195824918,0.0503107257892622,0.0485067120411265
"weakfish",2017,"Spring",39.0325096282199,-72.7647521191251,0.0503107257892622,0.0485067120411265
"weakfish",2019,"Spring",40.1503356972904,-71.5354221672312,0.0503107257892622,0.0485067120411265
"weakfish",2010,"Fall",40.0461861855979,-73.0648400055722,-0.0203767276708916,-0.0274911793409605
"weakfish",2011,"Fall",38.4440961515814,-74.6902334426213,-0.0203767276708916,-0.0274911793409605
"weakfish",2012,"Fall",37.2727301561283,-75.2981650955913,-0.0203767276708916,-0.0274911793409605
"weakfish",2014,"Fall",36.9961222768362,-75.1051053653484,-0.0203767276708916,-0.0274911793409605
"weakfish",2015,"Fall",35.629337,-74.956495,-0.0203767276708916,-0.0274911793409605
"weakfish",2016,"Fall",38.3096009515914,-74.8137511536621,-0.0203767276708916,-0.0274911793409605
"weakfish",2018,"Fall",38.3623138983581,-74.8673103565198,-0.0203767276708916,-0.0274911793409605
"weakfish",2019,"Fall",37.9415778261811,-74.9109640425845,-0.0203767276708916,-0.0274911793409605
"white hake",2010,"Spring",42.5423239352565,-67.701608338288,0.00754829144426309,0.0157838609471554
"white hake",2011,"Spring",42.8152907197369,-68.0144952547017,0.00754829144426309,0.0157838609471554
"white hake",2012,"Spring",42.6740209830356,-67.5737037553821,0.00754829144426309,0.0157838609471554
"white hake",2013,"Spring",42.7674484569651,-67.3431634624537,0.00754829144426309,0.0157838609471554
"white hake",2014,"Spring",43.3752879208517,-67.640833809694,0.00754829144426309,0.0157838609471554
"white hake",2015,"Spring",42.7833867353585,-67.6202505305993,0.00754829144426309,0.0157838609471554
"white hake",2016,"Spring",42.9937716437261,-67.9333189508106,0.00754829144426309,0.0157838609471554
"white hake",2017,"Spring",42.674377819518,-67.431632045097,0.00754829144426309,0.0157838609471554
"white hake",2018,"Spring",42.8188983000049,-67.7546962462337,0.00754829144426309,0.0157838609471554
"white hake",2019,"Spring",43.1108092873288,-67.4311655831896,0.00754829144426309,0.0157838609471554
"white hake",2010,"Fall",42.9210040650165,-68.4119344835232,0.00648140692197942,0.00925757772306519
"white hake",2011,"Fall",42.7662515583467,-69.2570114418814,0.00648140692197942,0.00925757772306519
"white hake",2012,"Fall",43.0531837182963,-68.425240149499,0.00648140692197942,0.00925757772306519
"white hake",2013,"Fall",43.1931061305494,-67.9125876362282,0.00648140692197942,0.00925757772306519
"white hake",2014,"Fall",43.0525328995965,-68.136835749603,0.00648140692197942,0.00925757772306519
"white hake",2015,"Fall",43.457811871249,-67.8071199509437,0.00648140692197942,0.00925757772306519
"white hake",2016,"Fall",43.6390517549609,-67.7676357031532,0.00648140692197942,0.00925757772306519
"white hake",2017,"Fall",43.3091306457045,-67.84865232034,0.00648140692197942,0.00925757772306519
"white hake",2018,"Fall",42.7594990374472,-68.8770664318558,0.00648140692197942,0.00925757772306519
"white hake",2019,"Fall",43.4059768267864,-68.0512039267544,0.00648140692197942,0.00925757772306519
"windowpane",2010,"Spring",40.9589983764362,-69.0163199638117,0.00333176949585512,0.00971326311559686
"windowpane",2011,"Spring",40.6299569748525,-69.4834389697734,0.00333176949585512,0.00971326311559686
"windowpane",2012,"Spring",40.7573827917607,-69.8599394819734,0.00333176949585512,0.00971326311559686
"windowpane",2013,"Spring",40.9306707477291,-69.2616515615272,0.00333176949585512,0.00971326311559686
"windowpane",2014,"Spring",40.6706866665878,-70.321107634551,0.00333176949585512,0.00971326311559686
"windowpane",2015,"Spring",40.3907653221166,-70.2068085532936,0.00333176949585512,0.00971326311559686
"windowpane",2016,"Spring",40.7416835557435,-70.2246745010132,0.00333176949585512,0.00971326311559686
"windowpane",2017,"Spring",40.5952128251996,-69.2817358149923,0.00333176949585512,0.00971326311559686
"windowpane",2018,"Spring",40.3847879170948,-70.4730909200545,0.00333176949585512,0.00971326311559686
"windowpane",2019,"Spring",40.7707190096158,-69.0316832284556,0.00333176949585512,0.00971326311559686
"windowpane",2010,"Fall",40.8958455666053,-69.3805741575202,0.00131554463012315,0.00407419336066146
"windowpane",2011,"Fall",40.6261485352802,-70.4072918552364,0.00131554463012315,0.00407419336066146
"windowpane",2012,"Fall",40.8171730058332,-69.9413856240997,0.00131554463012315,0.00407419336066146
"windowpane",2013,"Fall",41.2781405931871,-68.0503832894069,0.00131554463012315,0.00407419336066146
"windowpane",2014,"Fall",41.1563377309378,-68.8119326000336,0.00131554463012315,0.00407419336066146
"windowpane",2015,"Fall",41.214714083807,-68.5672399393619,0.00131554463012315,0.00407419336066146
"windowpane",2016,"Fall",41.1359820171805,-68.8991715159631,0.00131554463012315,0.00407419336066146
"windowpane",2017,"Fall",41.2803837982676,-67.4443664987294,0.00131554463012315,0.00407419336066146
"windowpane",2018,"Fall",41.2285834190498,-69.6361768259366,0.00131554463012315,0.00407419336066146
"windowpane",2019,"Fall",41.2409987542729,-68.6183164474713,0.00131554463012315,0.00407419336066146
"winter flounder",2010,"Spring",42.7730506440727,-67.4412382473015,0.0144716818077273,0.00304024590256413
"winter flounder",2011,"Spring",41.9237567984175,-68.473387678264,0.0144716818077273,0.00304024590256413
"winter flounder",2012,"Spring",41.9233579324001,-68.9111198309023,0.0144716818077273,0.00304024590256413
"winter flounder",2013,"Spring",42.0714550646251,-67.9690490029037,0.0144716818077273,0.00304024590256413
"winter flounder",2014,"Spring",42.0138742493077,-67.8881897181462,0.0144716818077273,0.00304024590256413
"winter flounder",2015,"Spring",42.673158749436,-69.0114189387976,0.0144716818077273,0.00304024590256413
"winter flounder",2016,"Spring",42.4376650801045,-68.8211083058155,0.0144716818077273,0.00304024590256413
"winter flounder",2017,"Spring",41.6949428196934,-68.5412624774355,0.0144716818077273,0.00304024590256413
"winter flounder",2018,"Spring",42.1562379779098,-69.4545887663503,0.0144716818077273,0.00304024590256413
"winter flounder",2019,"Spring",42.8370883575854,-67.9339991281783,0.0144716818077273,0.00304024590256413
"winter flounder",2010,"Fall",41.7879447837303,-69.215551720309,0.00548391013277606,0.00501706648333286
"winter flounder",2011,"Fall",41.842763067565,-68.4681808461468,0.00548391013277606,0.00501706648333286
"winter flounder",2012,"Fall",41.2104816514464,-69.4869423164429,0.00548391013277606,0.00501706648333286
"winter flounder",2013,"Fall",41.6797276407809,-68.8347118747829,0.00548391013277606,0.00501706648333286
"winter flounder",2014,"Fall",42.6622401027322,-68.7788858453203,0.00548391013277606,0.00501706648333286
"winter flounder",2015,"Fall",41.7747554397509,-68.1361549678689,0.00548391013277606,0.00501706648333286
"winter flounder",2016,"Fall",42.1070455701,-68.7397500219818,0.00548391013277606,0.00501706648333286
"winter flounder",2017,"Fall",42.1470501936499,-69.4556928536611,0.00548391013277606,0.00501706648333286
"winter flounder",2018,"Fall",41.4619139034503,-69.7992847278887,0.00548391013277606,0.00501706648333286
"winter flounder",2019,"Fall",41.899820025768,-68.0210082556111,0.00548391013277606,0.00501706648333286
"winter skate",2010,"Spring",40.8122829478623,-69.5073473221909,-0.0093122343270929,4.62610354299745e-05
"winter skate",2011,"Spring",40.9893075754437,-68.2681217981777,-0.0093122343270929,4.62610354299745e-05
"winter skate",2012,"Spring",41.3232902699421,-68.305422532712,-0.0093122343270929,4.62610354299745e-05
"winter skate",2013,"Spring",40.9780946088418,-68.9131556644343,-0.0093122343270929,4.62610354299745e-05
"winter skate",2014,"Spring",40.9364365061798,-69.3365510541217,-0.0093122343270929,4.62610354299745e-05
"winter skate",2015,"Spring",40.860485137214,-68.3396902172108,-0.0093122343270929,4.62610354299745e-05
"winter skate",2016,"Spring",41.0883698906091,-69.0082407881212,-0.0093122343270929,4.62610354299745e-05
"winter skate",2017,"Spring",41.0356516222865,-67.6863522416595,-0.0093122343270929,4.62610354299745e-05
"winter skate",2018,"Spring",41.286361586712,-68.0851957366169,-0.0093122343270929,4.62610354299745e-05
"winter skate",2019,"Spring",41.1642695561479,-67.6428250280497,-0.0093122343270929,4.62610354299745e-05
"winter skate",2010,"Fall",41.4070679512909,-68.3767337131893,2.28454423867063e-05,-0.00742619840333882
"winter skate",2011,"Fall",41.5304790047108,-67.687793009784,2.28454423867063e-05,-0.00742619840333882
"winter skate",2012,"Fall",41.3621760502705,-68.7461398471746,2.28454423867063e-05,-0.00742619840333882
"winter skate",2013,"Fall",41.4104051772041,-68.0818073284325,2.28454423867063e-05,-0.00742619840333882
"winter skate",2014,"Fall",41.5205674055935,-69.4184650095037,2.28454423867063e-05,-0.00742619840333882
"winter skate",2015,"Fall",41.6696608974552,-67.4904217471473,2.28454423867063e-05,-0.00742619840333882
"winter skate",2016,"Fall",41.6305358243703,-68.3221538329064,2.28454423867063e-05,-0.00742619840333882
"winter skate",2017,"Fall",41.6178066803862,-67.5807665772042,2.28454423867063e-05,-0.00742619840333882
"winter skate",2018,"Fall",41.4164753268511,-68.847830999688,2.28454423867063e-05,-0.00742619840333882
"winter skate",2019,"Fall",41.5250844503463,-67.7408056975415,2.28454423867063e-05,-0.00742619840333882
"witch flounder",2010,"Spring",42.5617219602083,-68.7240605520004,-0.0124593840391187,0.00445987310115647
"witch flounder",2011,"Spring",40.9575844006324,-70.0146772034325,-0.0124593840391187,0.00445987310115647
"witch flounder",2012,"Spring",40.5894767020537,-70.6797139895727,-0.0124593840391187,0.00445987310115647
"witch flounder",2013,"Spring",41.3797545740594,-69.7180361244427,-0.0124593840391187,0.00445987310115647
"witch flounder",2014,"Spring",42.7699755800731,-68.9459067203945,-0.0124593840391187,0.00445987310115647
"witch flounder",2015,"Spring",42.5727219070962,-68.4018776577429,-0.0124593840391187,0.00445987310115647
"witch flounder",2016,"Spring",42.3767551302488,-68.2238623101663,-0.0124593840391187,0.00445987310115647
"witch flounder",2017,"Spring",42.685762851517,-68.9331414348287,-0.0124593840391187,0.00445987310115647
"witch flounder",2018,"Spring",42.8030121485491,-69.0970638004008,-0.0124593840391187,0.00445987310115647
"witch flounder",2019,"Spring",43.3199937705546,-68.146676574134,-0.0124593840391187,0.00445987310115647
"witch flounder",2010,"Fall",42.0789081357226,-68.5351043359166,0.00195540225142547,0.0146703858704898
"witch flounder",2011,"Fall",42.796361312105,-68.8699942852665,0.00195540225142547,0.0146703858704898
"witch flounder",2012,"Fall",43.4198021359589,-67.6998140275533,0.00195540225142547,0.0146703858704898
"witch flounder",2013,"Fall",43.4111465104638,-68.1466001470719,0.00195540225142547,0.0146703858704898
"witch flounder",2014,"Fall",43.1285392894859,-68.7767494254012,0.00195540225142547,0.0146703858704898
"witch flounder",2015,"Fall",42.7644343175961,-67.9236680993841,0.00195540225142547,0.0146703858704898
"witch flounder",2016,"Fall",42.8033818062009,-68.606823920974,0.00195540225142547,0.0146703858704898
"witch flounder",2017,"Fall",42.6948444352018,-68.6062446138872,0.00195540225142547,0.0146703858704898
"witch flounder",2018,"Fall",42.6541019448104,-68.8902946724742,0.00195540225142547,0.0146703858704898
"witch flounder",2019,"Fall",42.936926022987,-69.388527475758,0.00195540225142547,0.0146703858704898
"yellowtail flounder",2010,"Spring",41.5603081939683,-68.0802668708976,0.0304425773903947,0.0469465494266481
"yellowtail flounder",2011,"Spring",40.9502636763762,-68.3683206392956,0.0304425773903947,0.0469465494266481
"yellowtail flounder",2012,"Spring",41.8927402016829,-68.9651431254037,0.0304425773903947,0.0469465494266481
"yellowtail flounder",2013,"Spring",42.1986434016219,-69.7546247065178,0.0304425773903947,0.0469465494266481
"yellowtail flounder",2014,"Spring",41.3832092561768,-69.5577354138969,0.0304425773903947,0.0469465494266481
"yellowtail flounder",2015,"Spring",42.4089136131665,-69.8285077354423,0.0304425773903947,0.0469465494266481
"yellowtail flounder",2016,"Spring",42.320404278458,-69.8574729098426,0.0304425773903947,0.0469465494266481
"yellowtail flounder",2017,"Spring",42.5468951557284,-69.9776637735807,0.0304425773903947,0.0469465494266481
"yellowtail flounder",2018,"Spring",42.5630701430811,-70.4955674551696,0.0304425773903947,0.0469465494266481
"yellowtail flounder",2019,"Spring",42.200899962226,-69.832847941503,0.0304425773903947,0.0469465494266481
"yellowtail flounder",2010,"Fall",41.1350228967065,-69.702244063073,0.0190784391119629,0.0362724222342241
"yellowtail flounder",2011,"Fall",41.3895084569846,-68.0206926472492,0.0190784391119629,0.0362724222342241
"yellowtail flounder",2012,"Fall",41.5639753017039,-68.5069966147557,0.0190784391119629,0.0362724222342241
"yellowtail flounder",2013,"Fall",41.9835370322997,-69.3332154575395,0.0190784391119629,0.0362724222342241
"yellowtail flounder",2014,"Fall",41.9159906840049,-68.4734934010025,0.0190784391119629,0.0362724222342241
"yellowtail flounder",2015,"Fall",41.9234617911722,-68.217983188881,0.0190784391119629,0.0362724222342241
"yellowtail flounder",2016,"Fall",42.0321896541031,-69.0731820049349,0.0190784391119629,0.0362724222342241
"yellowtail flounder",2017,"Fall",42.1105925605215,-69.918636383147,0.0190784391119629,0.0362724222342241
"yellowtail flounder",2018,"Fall",41.6382524487562,-68.2342892467544,0.0190784391119629,0.0362724222342241
"yellowtail flounder",2019,"Fall",42.024908834598,-69.551255274083,0.0190784391119629,0.0362724222342241
