"comname","est_year","dist_km"
"acadian redfish",1970,66.4823571005981
"acadian redfish",1971,45.2138175951015
"acadian redfish",1972,85.967542651811
"acadian redfish",1973,38.9460418766973
"acadian redfish",1974,63.2456850318613
"acadian redfish",1975,135.907164226363
"acadian redfish",1976,98.112234603385
"acadian redfish",1977,38.4634586145863
"acadian redfish",1978,12.4314638661122
"acadian redfish",1979,54.2714766502493
"acadian redfish",1980,76.3698545488034
"acadian redfish",1981,70.2776634959859
"acadian redfish",1982,28.7838841470175
"acadian redfish",1983,101.813619098128
"acadian redfish",1984,71.8976478978558
"acadian redfish",1985,49.2448931948918
"acadian redfish",1986,84.6462978814395
"acadian redfish",1987,46.610292875387
"acadian redfish",1988,33.6563594813819
"acadian redfish",1989,30.7574035394432
"acadian redfish",1990,125.649426260987
"acadian redfish",1991,58.2009460883873
"acadian redfish",1992,31.0600296819344
"acadian redfish",1993,13.1098979405111
"acadian redfish",1994,145.434376381739
"acadian redfish",1995,141.968393697628
"acadian redfish",1996,101.13363376501
"acadian redfish",1997,94.0761200522154
"acadian redfish",1998,28.3637771156964
"acadian redfish",1999,82.7797746960249
"acadian redfish",2000,40.9197148544962
"acadian redfish",2001,25.4020185420596
"acadian redfish",2002,64.4725397282258
"acadian redfish",2003,41.3554390617035
"acadian redfish",2004,85.9856528396832
"acadian redfish",2005,26.2524456897759
"acadian redfish",2006,59.8956183005735
"acadian redfish",2007,28.5466994845876
"acadian redfish",2008,34.0825649372053
"acadian redfish",2009,36.3086226762663
"acadian redfish",2010,36.4643069207433
"acadian redfish",2011,52.2216957460068
"acadian redfish",2012,35.1439034368692
"acadian redfish",2013,2.2224861570963
"acadian redfish",2014,24.3994127939231
"acadian redfish",2015,29.0214255947444
"acadian redfish",2016,40.6834678825678
"acadian redfish",2017,63.9489259223192
"acadian redfish",2018,9.42514356035003
"acadian redfish",2019,36.7839138098451
"alewife",1970,386.598189787425
"alewife",1971,401.250614321879
"alewife",1972,366.957465102766
"alewife",1973,487.484154849454
"alewife",1974,359.55261633412
"alewife",1975,224.858935932854
"alewife",1976,384.919465952802
"alewife",1977,239.086274667341
"alewife",1978,358.994486699461
"alewife",1979,272.139802173718
"alewife",1980,311.843476756411
"alewife",1981,334.977320564319
"alewife",1982,372.681913386749
"alewife",1983,490.636431414657
"alewife",1984,591.934606907346
"alewife",1985,186.738457937001
"alewife",1986,399.102239109497
"alewife",1987,352.556373243319
"alewife",1988,451.545628745307
"alewife",1989,362.386474995635
"alewife",1990,243.89848871498
"alewife",1991,490.74025136688
"alewife",1992,400.346624921139
"alewife",1993,544.96349904983
"alewife",1994,7.15249281396199
"alewife",1995,282.015418508529
"alewife",1996,222.486700163039
"alewife",1997,317.072202005397
"alewife",1998,171.367686317512
"alewife",1999,377.750629773042
"alewife",2000,130.886023366632
"alewife",2001,230.024270474602
"alewife",2002,260.018559871173
"alewife",2003,247.416027121832
"alewife",2004,292.65156273666
"alewife",2005,452.222444791191
"alewife",2006,201.827429320084
"alewife",2007,263.293057775255
"alewife",2008,214.664941178655
"alewife",2009,211.444095350507
"alewife",2010,97.5878037747184
"alewife",2011,147.640859993137
"alewife",2012,117.672504151104
"alewife",2013,133.204382342026
"alewife",2014,199.366971033748
"alewife",2015,162.36591435856
"alewife",2016,146.586383866258
"alewife",2017,106.962182285621
"alewife",2018,82.6493188665687
"alewife",2019,75.6738481584795
"american plaice",1970,43.6614962272747
"american plaice",1971,43.502763097641
"american plaice",1972,24.8181229183347
"american plaice",1973,27.4246128512616
"american plaice",1974,32.5416964824232
"american plaice",1975,34.3766736509035
"american plaice",1976,40.7300209075959
"american plaice",1977,77.7663599796288
"american plaice",1978,18.5391766402462
"american plaice",1979,38.4607594044314
"american plaice",1980,40.9362712959404
"american plaice",1981,44.9335677084918
"american plaice",1982,68.4189652115866
"american plaice",1983,36.1871197997664
"american plaice",1984,31.2438764178874
"american plaice",1985,27.5380180087412
"american plaice",1986,30.6126670274517
"american plaice",1987,13.2477297739399
"american plaice",1988,38.2251406839857
"american plaice",1989,25.7671247215613
"american plaice",1990,8.51015227418717
"american plaice",1991,4.73173327693221
"american plaice",1992,31.9672591127308
"american plaice",1993,14.3301192692175
"american plaice",1994,17.2380292601383
"american plaice",1995,28.541077790824
"american plaice",1996,63.8133575800677
"american plaice",1997,31.1847953393701
"american plaice",1998,21.6487678553274
"american plaice",1999,13.5913193359732
"american plaice",2000,54.1746085054382
"american plaice",2001,31.5125347502495
"american plaice",2002,69.5488714136011
"american plaice",2003,106.822224592528
"american plaice",2004,56.331598342163
"american plaice",2005,101.121656359533
"american plaice",2006,11.1868240797872
"american plaice",2007,17.9751206881977
"american plaice",2008,16.6615729713685
"american plaice",2009,54.4167355215096
"american plaice",2010,29.4723333123772
"american plaice",2011,33.4369681109413
"american plaice",2012,52.426076490545
"american plaice",2013,58.3354059671356
"american plaice",2014,32.1987664034315
"american plaice",2015,29.8690438669135
"american plaice",2016,31.6856641121951
"american plaice",2017,45.0699945921726
"american plaice",2018,21.8676308744053
"american plaice",2019,11.0093450118921
"atlantic cod",1970,74.4878341652083
"atlantic cod",1971,95.8632836799006
"atlantic cod",1972,101.222539432014
"atlantic cod",1973,68.6889156708057
"atlantic cod",1974,84.3793807667007
"atlantic cod",1975,141.603681186454
"atlantic cod",1976,21.3695474229265
"atlantic cod",1977,36.3084749415506
"atlantic cod",1978,124.151050735248
"atlantic cod",1979,29.2086037797351
"atlantic cod",1980,153.207911724129
"atlantic cod",1981,73.5159498685647
"atlantic cod",1982,283.312384089129
"atlantic cod",1983,90.8254457077752
"atlantic cod",1984,156.267319398095
"atlantic cod",1985,168.840254193427
"atlantic cod",1986,113.457756227477
"atlantic cod",1987,80.8850759655938
"atlantic cod",1988,87.4210699105722
"atlantic cod",1989,57.5144215681986
"atlantic cod",1990,16.5619874381701
"atlantic cod",1991,107.352812389783
"atlantic cod",1992,80.4587924714862
"atlantic cod",1993,96.1827636421574
"atlantic cod",1994,65.4552407373653
"atlantic cod",1995,55.7109969130826
"atlantic cod",1996,22.6698552063934
"atlantic cod",1997,110.88627398729
"atlantic cod",1998,72.6662121320075
"atlantic cod",1999,35.5701781350041
"atlantic cod",2000,135.909115924627
"atlantic cod",2001,41.8912732204752
"atlantic cod",2002,32.530356519656
"atlantic cod",2003,55.6627332994804
"atlantic cod",2004,87.1292205078858
"atlantic cod",2005,51.3569327241887
"atlantic cod",2006,89.8718457261696
"atlantic cod",2007,38.7678796668791
"atlantic cod",2008,19.6365136877773
"atlantic cod",2009,37.4386956603374
"atlantic cod",2010,77.5481260096302
"atlantic cod",2011,32.3005551230247
"atlantic cod",2012,49.0888365535302
"atlantic cod",2013,6.52418108569908
"atlantic cod",2014,45.9089684203023
"atlantic cod",2015,202.694941512274
"atlantic cod",2016,54.1966150136914
"atlantic cod",2017,188.728356689596
"atlantic cod",2018,13.7010762439936
"atlantic cod",2019,19.3214092095782
"atlantic croaker",1970,NA
"atlantic croaker",1971,NA
"atlantic croaker",1972,NA
"atlantic croaker",1973,NA
"atlantic croaker",1974,141.233750931804
"atlantic croaker",1975,NA
"atlantic croaker",1976,NA
"atlantic croaker",1977,NA
"atlantic croaker",1978,NA
"atlantic croaker",1979,429.278926154782
"atlantic croaker",1980,87.3256883407859
"atlantic croaker",1981,NA
"atlantic croaker",1982,NA
"atlantic croaker",1983,NA
"atlantic croaker",1984,NA
"atlantic croaker",1985,NA
"atlantic croaker",1986,NA
"atlantic croaker",1989,NA
"atlantic croaker",1990,NA
"atlantic croaker",1991,NA
"atlantic croaker",1992,NA
"atlantic croaker",1993,NA
"atlantic croaker",1995,NA
"atlantic croaker",1996,NA
"atlantic croaker",1997,NA
"atlantic croaker",1998,NA
"atlantic croaker",1999,53.0351157911814
"atlantic croaker",2000,NA
"atlantic croaker",2001,NA
"atlantic croaker",2002,NA
"atlantic croaker",2003,NA
"atlantic croaker",2005,NA
"atlantic croaker",2006,NA
"atlantic croaker",2007,NA
"atlantic croaker",2008,204.021711127981
"atlantic croaker",2009,NA
"atlantic croaker",2010,NA
"atlantic croaker",2011,NA
"atlantic croaker",2012,NA
"atlantic croaker",2013,383.51496391624
"atlantic croaker",2014,NA
"atlantic croaker",2015,444.999019964692
"atlantic croaker",2016,166.341151419235
"atlantic croaker",2017,NA
"atlantic croaker",2018,159.661346748138
"atlantic croaker",2019,NA
"atlantic herring",1970,352.948940608314
"atlantic herring",1971,392.887531486184
"atlantic herring",1972,259.597790962459
"atlantic herring",1973,120.548535648067
"atlantic herring",1974,285.918124404128
"atlantic herring",1975,222.985307194025
"atlantic herring",1976,211.212338599083
"atlantic herring",1977,130.692658049974
"atlantic herring",1978,166.985971997008
"atlantic herring",1979,376.492537594845
"atlantic herring",1980,288.953337807322
"atlantic herring",1981,186.708527441305
"atlantic herring",1982,145.531770971719
"atlantic herring",1983,36.986317717283
"atlantic herring",1984,67.2682449346126
"atlantic herring",1985,116.125027162674
"atlantic herring",1986,293.844343697152
"atlantic herring",1987,388.503763287907
"atlantic herring",1988,185.672835697695
"atlantic herring",1989,120.104411042906
"atlantic herring",1990,132.125370122832
"atlantic herring",1991,300.680635281988
"atlantic herring",1992,213.925560643968
"atlantic herring",1993,244.147375636374
"atlantic herring",1994,315.533225522631
"atlantic herring",1995,160.749554248545
"atlantic herring",1996,388.411905041467
"atlantic herring",1997,220.364329439908
"atlantic herring",1998,258.367500407936
"atlantic herring",1999,332.714352515343
"atlantic herring",2000,86.7401976098403
"atlantic herring",2001,136.622815855134
"atlantic herring",2002,134.443519801299
"atlantic herring",2003,317.272897961528
"atlantic herring",2004,222.850798914842
"atlantic herring",2005,346.535558582796
"atlantic herring",2006,259.591430453622
"atlantic herring",2007,450.361222191809
"atlantic herring",2008,362.748782822139
"atlantic herring",2009,386.605322630818
"atlantic herring",2010,306.882895578698
"atlantic herring",2011,463.191709771345
"atlantic herring",2012,171.021533342591
"atlantic herring",2013,237.181795229054
"atlantic herring",2014,162.297546959947
"atlantic herring",2015,98.8042200020719
"atlantic herring",2016,190.343227833922
"atlantic herring",2017,68.0447127197335
"atlantic herring",2018,153.912716828853
"atlantic herring",2019,94.1840362731658
"atlantic mackerel",1970,407.503418422284
"atlantic mackerel",1971,294.819229733761
"atlantic mackerel",1972,283.540555255047
"atlantic mackerel",1973,234.908457886205
"atlantic mackerel",1974,519.954947751058
"atlantic mackerel",1975,245.265796522419
"atlantic mackerel",1976,283.562903029094
"atlantic mackerel",1977,269.330934506944
"atlantic mackerel",1978,540.94701865575
"atlantic mackerel",1979,379.620251732508
"atlantic mackerel",1980,453.892193765125
"atlantic mackerel",1981,252.530463706675
"atlantic mackerel",1982,294.681323641875
"atlantic mackerel",1983,378.106981724342
"atlantic mackerel",1984,183.207972999069
"atlantic mackerel",1985,344.950787396465
"atlantic mackerel",1986,507.500068358903
"atlantic mackerel",1987,485.853836749315
"atlantic mackerel",1988,395.705707035163
"atlantic mackerel",1989,611.694179765661
"atlantic mackerel",1990,414.158928123699
"atlantic mackerel",1991,500.745274822114
"atlantic mackerel",1992,558.876353469665
"atlantic mackerel",1993,563.326594575365
"atlantic mackerel",1994,496.963877746491
"atlantic mackerel",1995,412.249024997179
"atlantic mackerel",1996,106.258456082702
"atlantic mackerel",1997,343.302520950039
"atlantic mackerel",1998,309.746423923923
"atlantic mackerel",1999,361.613011019305
"atlantic mackerel",2000,31.5240356453305
"atlantic mackerel",2001,120.940878858574
"atlantic mackerel",2002,365.359577256053
"atlantic mackerel",2003,520.848282718986
"atlantic mackerel",2004,660.679757959801
"atlantic mackerel",2005,526.088023072567
"atlantic mackerel",2006,511.521460559981
"atlantic mackerel",2007,260.393905984407
"atlantic mackerel",2008,484.042355957053
"atlantic mackerel",2009,443.196402632155
"atlantic mackerel",2010,634.721781828813
"atlantic mackerel",2011,712.937486947298
"atlantic mackerel",2012,87.7541452401384
"atlantic mackerel",2013,396.909465990566
"atlantic mackerel",2014,234.073261475161
"atlantic mackerel",2015,55.9409317510872
"atlantic mackerel",2016,190.997081845788
"atlantic mackerel",2017,103.033158875049
"atlantic mackerel",2018,293.019727333139
"atlantic mackerel",2019,91.6607964719056
"atlantic sharpnose shark",1974,NA
"atlantic sharpnose shark",1981,NA
"atlantic sharpnose shark",1983,NA
"atlantic sharpnose shark",1984,NA
"atlantic sharpnose shark",1990,NA
"atlantic sharpnose shark",1991,NA
"atlantic sharpnose shark",1992,NA
"atlantic sharpnose shark",1994,NA
"atlantic sharpnose shark",1995,NA
"atlantic sharpnose shark",1997,NA
"atlantic sharpnose shark",1998,NA
"atlantic sharpnose shark",1999,NA
"atlantic sharpnose shark",2000,NA
"atlantic sharpnose shark",2002,NA
"atlantic sharpnose shark",2003,NA
"atlantic sharpnose shark",2006,NA
"atlantic sharpnose shark",2008,NA
"atlantic sharpnose shark",2009,NA
"atlantic sharpnose shark",2012,NA
"atlantic sharpnose shark",2014,NA
"atlantic sharpnose shark",2015,NA
"black sea bass",1970,79.4229675620789
"black sea bass",1971,55.5694879294236
"black sea bass",1972,68.2457443529933
"black sea bass",1973,40.624798000413
"black sea bass",1974,166.055506676038
"black sea bass",1975,58.5945723064684
"black sea bass",1976,16.2802162568921
"black sea bass",1977,345.631197331245
"black sea bass",1978,512.170175362163
"black sea bass",1979,470.954318166216
"black sea bass",1980,62.5190848010508
"black sea bass",1981,119.751085410663
"black sea bass",1982,136.457507782888
"black sea bass",1983,52.8588872395921
"black sea bass",1984,73.7732305204804
"black sea bass",1985,67.4141936168771
"black sea bass",1986,168.137159750095
"black sea bass",1987,106.782863927355
"black sea bass",1988,87.7729439471262
"black sea bass",1989,87.1752520103799
"black sea bass",1990,34.9243441118603
"black sea bass",1991,148.010049386354
"black sea bass",1992,75.9514969320261
"black sea bass",1993,87.3206189405929
"black sea bass",1994,88.3750964228028
"black sea bass",1995,23.9471089278965
"black sea bass",1996,51.8669098034373
"black sea bass",1997,92.0073396080045
"black sea bass",1998,121.023481045866
"black sea bass",1999,320.10639357337
"black sea bass",2000,69.3971630334011
"black sea bass",2001,229.274925859693
"black sea bass",2002,217.031149794814
"black sea bass",2003,61.2829001803188
"black sea bass",2004,136.090185943
"black sea bass",2005,354.55492575598
"black sea bass",2006,188.713443627394
"black sea bass",2007,198.599737002687
"black sea bass",2008,300.862866409049
"black sea bass",2009,129.622131924597
"black sea bass",2010,189.405474816768
"black sea bass",2011,78.2435609527022
"black sea bass",2012,128.574619342732
"black sea bass",2013,311.833603568926
"black sea bass",2014,132.999552293493
"black sea bass",2015,86.9042989236847
"black sea bass",2016,16.612884789332
"black sea bass",2017,380.217398526728
"black sea bass",2018,249.946011595342
"black sea bass",2019,59.1652006519876
"bluefish",1970,NA
"bluefish",1971,NA
"bluefish",1972,NA
"bluefish",1973,NA
"bluefish",1974,622.388841677574
"bluefish",1975,208.52371416016
"bluefish",1976,140.860059088705
"bluefish",1977,505.550304157829
"bluefish",1978,727.444988633141
"bluefish",1979,813.297554319353
"bluefish",1980,766.793821859985
"bluefish",1981,NA
"bluefish",1982,640.580065699271
"bluefish",1983,639.513271872713
"bluefish",1984,750.275262019892
"bluefish",1985,323.145770745429
"bluefish",1986,802.426422418053
"bluefish",1987,NA
"bluefish",1988,668.6048782297
"bluefish",1989,376.438526652179
"bluefish",1990,727.053071263416
"bluefish",1991,NA
"bluefish",1992,780.998047982622
"bluefish",1993,578.841062077691
"bluefish",1994,685.624599334066
"bluefish",1995,NA
"bluefish",1996,530.966576492916
"bluefish",1997,855.473422576004
"bluefish",1998,747.560307233821
"bluefish",1999,868.787838946152
"bluefish",2000,453.70621240894
"bluefish",2001,653.023871190362
"bluefish",2002,669.420521431062
"bluefish",2003,356.603952140664
"bluefish",2004,NA
"bluefish",2005,605.183141232016
"bluefish",2006,323.969257138203
"bluefish",2007,821.640904618252
"bluefish",2008,554.845230836285
"bluefish",2009,NA
"bluefish",2010,252.389635727754
"bluefish",2011,362.579932666348
"bluefish",2012,592.819208811933
"bluefish",2013,591.286069782134
"bluefish",2014,NA
"bluefish",2015,717.41840811824
"bluefish",2016,256.347730819734
"bluefish",2017,NA
"bluefish",2018,403.373124919165
"bluefish",2019,628.761243536069
"butterfish",1970,47.9319751454088
"butterfish",1971,171.388505860172
"butterfish",1972,267.883901384388
"butterfish",1973,273.691624146737
"butterfish",1974,35.680655550828
"butterfish",1975,358.756412349589
"butterfish",1976,71.4229013026652
"butterfish",1977,183.872016244737
"butterfish",1978,354.167105844213
"butterfish",1979,139.81175810202
"butterfish",1980,43.9586995640417
"butterfish",1981,88.8748666859328
"butterfish",1982,85.5703389573984
"butterfish",1983,87.0894988375011
"butterfish",1984,25.3581663304746
"butterfish",1985,33.2946521606089
"butterfish",1986,61.0864701555295
"butterfish",1987,67.1723946340505
"butterfish",1988,183.12347293797
"butterfish",1989,266.86932306977
"butterfish",1990,25.9070938670254
"butterfish",1991,41.3447794935168
"butterfish",1992,66.504068211921
"butterfish",1993,263.679948517229
"butterfish",1994,137.796014786567
"butterfish",1995,182.789811848643
"butterfish",1996,82.1734845902374
"butterfish",1997,124.187091491985
"butterfish",1998,24.3331937829723
"butterfish",1999,181.779947315036
"butterfish",2000,64.3896376257626
"butterfish",2001,107.954794095455
"butterfish",2002,111.305259582034
"butterfish",2003,342.04729751144
"butterfish",2004,413.63353577236
"butterfish",2005,82.4093354449765
"butterfish",2006,181.530893421728
"butterfish",2007,24.5162072970866
"butterfish",2008,26.9180587317062
"butterfish",2009,284.577630064577
"butterfish",2010,71.6533752721634
"butterfish",2011,227.907441826505
"butterfish",2012,180.967897374275
"butterfish",2013,187.882700278771
"butterfish",2014,42.0946981599208
"butterfish",2015,171.946161054574
"butterfish",2016,157.404958155156
"butterfish",2017,490.04611956873
"butterfish",2018,370.505198154863
"butterfish",2019,246.936147129879
"fawn cusk-eel",1970,217.888056608796
"fawn cusk-eel",1971,51.2048337011422
"fawn cusk-eel",1972,85.6446086037116
"fawn cusk-eel",1973,258.553230077585
"fawn cusk-eel",1974,117.251031269575
"fawn cusk-eel",1975,268.606803630206
"fawn cusk-eel",1976,40.0571906155624
"fawn cusk-eel",1977,155.968840586394
"fawn cusk-eel",1978,99.4514032220846
"fawn cusk-eel",1979,51.7557822697416
"fawn cusk-eel",1980,122.10573937926
"fawn cusk-eel",1981,130.593617418526
"fawn cusk-eel",1982,65.1351630293921
"fawn cusk-eel",1983,154.243913400171
"fawn cusk-eel",1984,401.16857677101
"fawn cusk-eel",1985,44.746562406463
"fawn cusk-eel",1986,62.5853732580762
"fawn cusk-eel",1987,11.5359336359172
"fawn cusk-eel",1988,168.027114100016
"fawn cusk-eel",1989,96.1454140225937
"fawn cusk-eel",1990,148.01106131544
"fawn cusk-eel",1991,75.6773432644515
"fawn cusk-eel",1992,200.79238128537
"fawn cusk-eel",1993,124.954022097766
"fawn cusk-eel",1994,256.820758361733
"fawn cusk-eel",1995,107.585751231699
"fawn cusk-eel",1996,50.3110555007049
"fawn cusk-eel",1997,152.994357918921
"fawn cusk-eel",1998,103.973740500492
"fawn cusk-eel",1999,88.503663302454
"fawn cusk-eel",2000,219.594583237726
"fawn cusk-eel",2001,5.4619587389214
"fawn cusk-eel",2002,239.940028904748
"fawn cusk-eel",2003,93.0825058471026
"fawn cusk-eel",2004,57.2943350614791
"fawn cusk-eel",2005,87.9936810175853
"fawn cusk-eel",2006,121.22652558119
"fawn cusk-eel",2007,229.880142408395
"fawn cusk-eel",2008,134.981384907003
"fawn cusk-eel",2009,247.690233315313
"fawn cusk-eel",2010,204.951211711952
"fawn cusk-eel",2011,181.376555777305
"fawn cusk-eel",2012,57.1736528471546
"fawn cusk-eel",2013,82.1028626166117
"fawn cusk-eel",2014,74.6024027418796
"fawn cusk-eel",2015,125.321021848282
"fawn cusk-eel",2016,158.26855517408
"fawn cusk-eel",2017,262.554134369864
"fawn cusk-eel",2018,49.3508174186018
"fawn cusk-eel",2019,33.563004650916
"fourspot flounder",1970,57.0938177192661
"fourspot flounder",1971,104.411974362226
"fourspot flounder",1972,38.7078944698002
"fourspot flounder",1973,33.8042748197086
"fourspot flounder",1974,170.952552235523
"fourspot flounder",1975,40.7964593644369
"fourspot flounder",1976,63.3145396263667
"fourspot flounder",1977,72.9150310447696
"fourspot flounder",1978,163.676789280831
"fourspot flounder",1979,41.0417808964232
"fourspot flounder",1980,77.5818079058953
"fourspot flounder",1981,101.039928492167
"fourspot flounder",1982,75.8792360432289
"fourspot flounder",1983,117.459393103074
"fourspot flounder",1984,58.4348460849881
"fourspot flounder",1985,101.662264279795
"fourspot flounder",1986,65.0826503296656
"fourspot flounder",1987,50.2431405723249
"fourspot flounder",1988,46.1115599097786
"fourspot flounder",1989,98.0091246632513
"fourspot flounder",1990,36.9575184837027
"fourspot flounder",1991,56.8607211143564
"fourspot flounder",1992,64.886852070097
"fourspot flounder",1993,110.983344658874
"fourspot flounder",1994,44.1595094714184
"fourspot flounder",1995,75.8798677883291
"fourspot flounder",1996,91.5533674667569
"fourspot flounder",1997,112.666735896764
"fourspot flounder",1998,21.3511556840431
"fourspot flounder",1999,65.5706913860631
"fourspot flounder",2000,38.6087632773912
"fourspot flounder",2001,97.5615526607186
"fourspot flounder",2002,129.356514528992
"fourspot flounder",2003,46.9094192421197
"fourspot flounder",2004,54.6020043588196
"fourspot flounder",2005,95.2701283533367
"fourspot flounder",2006,59.2704882947516
"fourspot flounder",2007,166.928594670807
"fourspot flounder",2008,81.7054667624458
"fourspot flounder",2009,95.6965935483137
"fourspot flounder",2010,39.5028816984202
"fourspot flounder",2011,32.3042876929027
"fourspot flounder",2012,6.7549272312774
"fourspot flounder",2013,119.181352165451
"fourspot flounder",2014,50.9643960689905
"fourspot flounder",2015,40.2849509386079
"fourspot flounder",2016,111.010869459439
"fourspot flounder",2017,211.970348294217
"fourspot flounder",2018,89.3777082887556
"fourspot flounder",2019,56.7898479528828
"goosefish",1970,184.380642288606
"goosefish",1971,141.925168846498
"goosefish",1972,75.5638573247517
"goosefish",1973,150.410163012046
"goosefish",1974,144.922206559284
"goosefish",1975,19.1429645861377
"goosefish",1976,353.045872047758
"goosefish",1977,615.154569088983
"goosefish",1978,733.085570941067
"goosefish",1979,221.809618432184
"goosefish",1980,153.273793628051
"goosefish",1981,202.391074858253
"goosefish",1982,390.630575509728
"goosefish",1983,112.413151413675
"goosefish",1984,207.914162908642
"goosefish",1985,46.4182420833692
"goosefish",1986,353.435791495416
"goosefish",1987,142.839918007216
"goosefish",1988,270.238896455892
"goosefish",1989,99.870233260154
"goosefish",1990,120.445122741825
"goosefish",1991,42.7133473047532
"goosefish",1992,70.6984668244696
"goosefish",1993,77.3412091697086
"goosefish",1994,68.1119952421996
"goosefish",1995,111.218810955171
"goosefish",1996,73.1295792645982
"goosefish",1997,342.234111476175
"goosefish",1998,181.161684631864
"goosefish",1999,187.008379641104
"goosefish",2000,21.1487235893024
"goosefish",2001,25.0907987426243
"goosefish",2002,55.2172928351474
"goosefish",2003,124.776919067742
"goosefish",2004,170.814013021653
"goosefish",2005,78.2456276646939
"goosefish",2006,132.727647983712
"goosefish",2007,239.871820374653
"goosefish",2008,131.336229622094
"goosefish",2009,116.242904315028
"goosefish",2010,35.221927561138
"goosefish",2011,199.528256320341
"goosefish",2012,253.499926948359
"goosefish",2013,109.147188933482
"goosefish",2014,70.0585123398317
"goosefish",2015,80.9423701407258
"goosefish",2016,130.858538841844
"goosefish",2017,187.127821455365
"goosefish",2018,90.6961296930096
"goosefish",2019,43.1050735819778
"gulf stream flounder",1970,55.708120222947
"gulf stream flounder",1971,104.000306430656
"gulf stream flounder",1972,62.6462795044256
"gulf stream flounder",1973,16.2083546627356
"gulf stream flounder",1974,15.9313091743934
"gulf stream flounder",1975,101.121749300314
"gulf stream flounder",1976,24.4071574090104
"gulf stream flounder",1977,77.6187111395374
"gulf stream flounder",1978,133.277682532424
"gulf stream flounder",1979,216.031676017409
"gulf stream flounder",1980,133.037160928082
"gulf stream flounder",1981,167.651231843003
"gulf stream flounder",1982,63.8008410788735
"gulf stream flounder",1983,139.502371226446
"gulf stream flounder",1984,29.6195185618921
"gulf stream flounder",1985,26.08885632072
"gulf stream flounder",1986,233.297206773668
"gulf stream flounder",1987,15.8448982196072
"gulf stream flounder",1988,104.339122468272
"gulf stream flounder",1989,51.2812174212792
"gulf stream flounder",1990,22.7210105264747
"gulf stream flounder",1991,82.0733440465817
"gulf stream flounder",1992,110.932284714288
"gulf stream flounder",1993,24.9046129771278
"gulf stream flounder",1994,119.603585858274
"gulf stream flounder",1995,184.277166723683
"gulf stream flounder",1996,402.806751640533
"gulf stream flounder",1997,319.4223530052
"gulf stream flounder",1998,101.452243178685
"gulf stream flounder",1999,74.8054879659507
"gulf stream flounder",2000,65.772919892917
"gulf stream flounder",2001,56.9783367542532
"gulf stream flounder",2002,109.863430336289
"gulf stream flounder",2003,20.8619610631948
"gulf stream flounder",2004,95.3102590438653
"gulf stream flounder",2005,84.9842117082614
"gulf stream flounder",2006,85.8734465220128
"gulf stream flounder",2007,45.4984696628728
"gulf stream flounder",2008,11.428360303734
"gulf stream flounder",2009,42.4653444551067
"gulf stream flounder",2010,33.3311218254176
"gulf stream flounder",2011,39.3949469479387
"gulf stream flounder",2012,33.9820313652598
"gulf stream flounder",2013,85.2365963087662
"gulf stream flounder",2014,44.4822946081409
"gulf stream flounder",2015,83.637444295556
"gulf stream flounder",2016,47.233647938263
"gulf stream flounder",2017,326.117056188905
"gulf stream flounder",2018,30.5803560874092
"gulf stream flounder",2019,23.589584099596
"haddock",1970,40.1646117396441
"haddock",1971,96.3145283091447
"haddock",1972,53.3828295347865
"haddock",1973,63.5777604714725
"haddock",1974,90.5097899093227
"haddock",1975,21.6665832748016
"haddock",1976,154.559932003096
"haddock",1977,28.957512669102
"haddock",1978,63.9539212074531
"haddock",1979,74.7615141786484
"haddock",1980,47.8988390158603
"haddock",1981,111.010576381862
"haddock",1982,39.2541878013639
"haddock",1983,117.323380523104
"haddock",1984,27.288642124463
"haddock",1985,65.4696300624487
"haddock",1986,42.9940534492208
"haddock",1987,84.7106962386706
"haddock",1988,84.0386033728035
"haddock",1989,24.3078184251764
"haddock",1990,33.9436963297607
"haddock",1991,160.68026327006
"haddock",1992,54.5701394840772
"haddock",1993,19.807686174976
"haddock",1994,21.5546980131729
"haddock",1995,18.1322642889417
"haddock",1996,225.810076462201
"haddock",1997,219.040175186504
"haddock",1998,40.1623022861742
"haddock",1999,38.9994166278338
"haddock",2000,65.0154812959841
"haddock",2001,38.9260773397767
"haddock",2002,53.0031048122341
"haddock",2003,69.9802913571323
"haddock",2004,29.6620674922289
"haddock",2005,49.4370883971048
"haddock",2006,20.48326548873
"haddock",2007,63.2763250719125
"haddock",2008,58.0941705851808
"haddock",2009,3.61520378224678
"haddock",2010,61.521971571112
"haddock",2011,38.5149062329157
"haddock",2012,45.144293590186
"haddock",2013,34.2672001925382
"haddock",2014,74.8531013698774
"haddock",2015,56.0107414606602
"haddock",2016,45.5848224646792
"haddock",2017,15.55450417363
"haddock",2018,55.4208876104557
"haddock",2019,56.9613644286668
"little skate",1970,18.8656010396218
"little skate",1971,222.634999189771
"little skate",1972,80.3044378842709
"little skate",1973,352.760794711259
"little skate",1974,184.121130318141
"little skate",1975,121.375585155921
"little skate",1976,56.0553905157772
"little skate",1977,231.385373193774
"little skate",1978,129.989974129407
"little skate",1979,45.767941335076
"little skate",1980,212.441302453249
"little skate",1981,50.9222322697551
"little skate",1982,87.3881688136049
"little skate",1983,92.6606028716267
"little skate",1984,234.966795909124
"little skate",1985,29.9201828060569
"little skate",1986,51.0594731784962
"little skate",1987,149.859595532866
"little skate",1988,204.244148938949
"little skate",1989,195.980192693084
"little skate",1990,33.3592020248648
"little skate",1991,75.7032114622135
"little skate",1992,21.888199036777
"little skate",1993,194.289256394828
"little skate",1994,130.199923446411
"little skate",1995,126.387613118284
"little skate",1996,89.2226679063906
"little skate",1997,48.9290079588873
"little skate",1998,154.201723052707
"little skate",1999,79.2566853205179
"little skate",2000,294.281140269716
"little skate",2001,130.411342024975
"little skate",2002,58.7672188462404
"little skate",2003,67.2118422125924
"little skate",2004,215.90872578091
"little skate",2005,106.027103109421
"little skate",2006,22.1323889698107
"little skate",2007,66.4267864521887
"little skate",2008,141.632104382161
"little skate",2009,122.984212351225
"little skate",2010,80.0582585131608
"little skate",2011,37.9683702859455
"little skate",2012,28.6563118572001
"little skate",2013,186.912586167228
"little skate",2014,28.7719897569584
"little skate",2015,151.954777745927
"little skate",2016,57.3826400283451
"little skate",2017,295.028218262685
"little skate",2018,7.77131812613954
"little skate",2019,72.6366623746302
"longfin squid",1970,57.0733149936807
"longfin squid",1971,202.546943876935
"longfin squid",1972,59.3081269463949
"longfin squid",1973,89.0681488595594
"longfin squid",1974,108.534859482936
"longfin squid",1975,38.2207997860826
"longfin squid",1976,71.3292976758247
"longfin squid",1977,91.9538406612319
"longfin squid",1978,309.857448897338
"longfin squid",1979,61.0049213648298
"longfin squid",1980,94.3005177137682
"longfin squid",1981,130.191106637924
"longfin squid",1982,164.560172073416
"longfin squid",1983,52.9960226240702
"longfin squid",1984,144.897528254589
"longfin squid",1985,129.560777820053
"longfin squid",1986,115.61490856676
"longfin squid",1987,76.8675078499736
"longfin squid",1988,240.446463059356
"longfin squid",1989,346.018241246913
"longfin squid",1990,184.461117217731
"longfin squid",1991,151.968497224741
"longfin squid",1992,246.62997252834
"longfin squid",1993,247.653623556195
"longfin squid",1994,184.358256775337
"longfin squid",1995,22.035791496182
"longfin squid",1996,151.206592897492
"longfin squid",1997,206.22063258481
"longfin squid",1998,241.993456520365
"longfin squid",1999,222.738627914144
"longfin squid",2000,220.552328631034
"longfin squid",2001,135.71292061831
"longfin squid",2002,128.967945757643
"longfin squid",2003,285.182474145858
"longfin squid",2004,209.996063726392
"longfin squid",2005,232.316598700974
"longfin squid",2006,144.536205742198
"longfin squid",2007,249.196973301728
"longfin squid",2008,400.887705204326
"longfin squid",2009,71.1294451081863
"longfin squid",2010,173.182442637753
"longfin squid",2011,150.15923281929
"longfin squid",2012,275.805624623794
"longfin squid",2013,134.773254885712
"longfin squid",2014,36.626790134843
"longfin squid",2015,215.675107578605
"longfin squid",2016,87.3698231969571
"longfin squid",2017,436.267004150011
"longfin squid",2018,103.369213160623
"longfin squid",2019,236.790580537329
"longhorn sculpin",1970,119.338013405301
"longhorn sculpin",1971,33.3144428155796
"longhorn sculpin",1972,72.9670094236553
"longhorn sculpin",1973,36.9946640601179
"longhorn sculpin",1974,40.6843328650347
"longhorn sculpin",1975,78.8341255978013
"longhorn sculpin",1976,92.3732250576397
"longhorn sculpin",1977,102.355466345484
"longhorn sculpin",1978,126.620498570027
"longhorn sculpin",1979,26.9814053984743
"longhorn sculpin",1980,147.976890792101
"longhorn sculpin",1981,276.592572760508
"longhorn sculpin",1982,5.48399602901772
"longhorn sculpin",1983,44.19682147573
"longhorn sculpin",1984,142.84324828834
"longhorn sculpin",1985,51.1122157142726
"longhorn sculpin",1986,135.65201060557
"longhorn sculpin",1987,77.9997023914894
"longhorn sculpin",1988,75.7070768454739
"longhorn sculpin",1989,57.456253669098
"longhorn sculpin",1990,148.74242116895
"longhorn sculpin",1991,71.9012539286451
"longhorn sculpin",1992,86.975918910696
"longhorn sculpin",1993,46.1891340916512
"longhorn sculpin",1994,103.573100166013
"longhorn sculpin",1995,66.5927838341315
"longhorn sculpin",1996,21.3194318085858
"longhorn sculpin",1997,4.3042652221615
"longhorn sculpin",1998,51.9108849612808
"longhorn sculpin",1999,42.5277045015971
"longhorn sculpin",2000,78.0605169503701
"longhorn sculpin",2001,14.4398106964236
"longhorn sculpin",2002,102.427439632105
"longhorn sculpin",2003,58.9702475211736
"longhorn sculpin",2004,66.9389520293621
"longhorn sculpin",2005,36.7716879366804
"longhorn sculpin",2006,96.4325066258625
"longhorn sculpin",2007,135.823692158108
"longhorn sculpin",2008,29.7915950979893
"longhorn sculpin",2009,29.4096469551319
"longhorn sculpin",2010,135.948928664284
"longhorn sculpin",2011,71.5989091782724
"longhorn sculpin",2012,75.2619209130188
"longhorn sculpin",2013,39.0631448341498
"longhorn sculpin",2014,64.4661578873876
"longhorn sculpin",2015,124.015796795669
"longhorn sculpin",2016,74.0733227335347
"longhorn sculpin",2017,77.1007422123524
"longhorn sculpin",2018,78.6262361998296
"longhorn sculpin",2019,68.5188683889684
"northern sand lance",1970,292.519112534843
"northern sand lance",1971,54.0207363193453
"northern sand lance",1972,258.755673413198
"northern sand lance",1973,468.298856413242
"northern sand lance",1974,195.163348439767
"northern sand lance",1975,163.765222536483
"northern sand lance",1976,299.078244630711
"northern sand lance",1977,557.869403171852
"northern sand lance",1978,347.666397708773
"northern sand lance",1979,234.852931958069
"northern sand lance",1980,163.039332543381
"northern sand lance",1981,383.618616904265
"northern sand lance",1982,203.727037674221
"northern sand lance",1983,180.66810722878
"northern sand lance",1984,198.252377490945
"northern sand lance",1985,406.32017635961
"northern sand lance",1986,39.8881491898175
"northern sand lance",1987,63.1593570827098
"northern sand lance",1988,343.633255346702
"northern sand lance",1989,116.533910345448
"northern sand lance",1990,147.246930584342
"northern sand lance",1991,60.7098024531112
"northern sand lance",1992,219.076882810066
"northern sand lance",1993,684.143442867901
"northern sand lance",1994,171.467261773449
"northern sand lance",1995,134.004461476233
"northern sand lance",1996,79.0675353242328
"northern sand lance",1997,95.9432072214297
"northern sand lance",1998,654.891088674903
"northern sand lance",1999,117.469917042555
"northern sand lance",2000,46.7698913741202
"northern sand lance",2001,163.618751408028
"northern sand lance",2002,NA
"northern sand lance",2003,153.906137568629
"northern sand lance",2004,226.955819635545
"northern sand lance",2005,456.105663054087
"northern sand lance",2006,199.202575176138
"northern sand lance",2007,53.4003295756198
"northern sand lance",2008,136.961141584339
"northern sand lance",2009,111.131980427791
"northern sand lance",2010,373.44550023824
"northern sand lance",2011,684.287813248455
"northern sand lance",2012,324.828359881607
"northern sand lance",2013,281.853635984434
"northern sand lance",2014,29.6203358985949
"northern sand lance",2015,75.0745071482828
"northern sand lance",2016,142.890558052367
"northern sand lance",2017,162.074080463057
"northern sand lance",2018,155.129880705016
"northern sand lance",2019,221.31074138147
"northern shortfin squid",1970,426.554087164517
"northern shortfin squid",1971,411.017932270774
"northern shortfin squid",1972,218.976487959806
"northern shortfin squid",1973,247.302993582493
"northern shortfin squid",1974,428.592668428507
"northern shortfin squid",1975,314.279877529705
"northern shortfin squid",1976,466.993980747917
"northern shortfin squid",1977,331.167392038897
"northern shortfin squid",1978,195.475693751796
"northern shortfin squid",1979,192.929737589666
"northern shortfin squid",1980,360.106467687546
"northern shortfin squid",1981,53.3524803150165
"northern shortfin squid",1982,42.8898736830503
"northern shortfin squid",1983,187.202963915616
"northern shortfin squid",1984,35.0682125427375
"northern shortfin squid",1985,341.024728006937
"northern shortfin squid",1986,157.774008075215
"northern shortfin squid",1987,326.256017270008
"northern shortfin squid",1988,671.219001462566
"northern shortfin squid",1989,647.933504316335
"northern shortfin squid",1990,220.472330539476
"northern shortfin squid",1991,231.326529306209
"northern shortfin squid",1992,324.756550683527
"northern shortfin squid",1993,103.785213369669
"northern shortfin squid",1994,202.516519686888
"northern shortfin squid",1995,126.475983038772
"northern shortfin squid",1996,284.792901413577
"northern shortfin squid",1997,495.625927536489
"northern shortfin squid",1998,463.680521592173
"northern shortfin squid",1999,527.354645914664
"northern shortfin squid",2000,134.148086594861
"northern shortfin squid",2001,103.402074047075
"northern shortfin squid",2002,307.590427852541
"northern shortfin squid",2003,62.6128613675915
"northern shortfin squid",2004,353.989675028493
"northern shortfin squid",2005,30.9988225320824
"northern shortfin squid",2006,336.264092453731
"northern shortfin squid",2007,27.966303081899
"northern shortfin squid",2008,339.704576322774
"northern shortfin squid",2009,306.56467765053
"northern shortfin squid",2010,368.770904162619
"northern shortfin squid",2011,158.302875371898
"northern shortfin squid",2012,102.298865830021
"northern shortfin squid",2013,146.388607953557
"northern shortfin squid",2014,283.998515028075
"northern shortfin squid",2015,280.127052850648
"northern shortfin squid",2016,51.6170111745952
"northern shortfin squid",2017,441.223903684188
"northern shortfin squid",2018,192.139773743341
"northern shortfin squid",2019,372.536539959035
"ocean pout",1970,31.9816208776258
"ocean pout",1971,74.3728205839818
"ocean pout",1972,105.396068673085
"ocean pout",1973,48.9861291511601
"ocean pout",1974,85.3632702790459
"ocean pout",1975,193.257533809259
"ocean pout",1976,53.7795546652468
"ocean pout",1977,151.921160823783
"ocean pout",1978,190.002260526363
"ocean pout",1979,11.1410396535319
"ocean pout",1980,28.5175985141452
"ocean pout",1981,204.848322525757
"ocean pout",1982,79.3069189372624
"ocean pout",1983,28.0489949670067
"ocean pout",1984,130.240407218081
"ocean pout",1985,126.630386846714
"ocean pout",1986,270.439874495965
"ocean pout",1987,266.833459644627
"ocean pout",1988,86.1406242859224
"ocean pout",1989,186.778899389607
"ocean pout",1990,121.601670187639
"ocean pout",1991,118.77780901708
"ocean pout",1992,65.1197871268307
"ocean pout",1993,178.05330396679
"ocean pout",1994,79.0677461955825
"ocean pout",1995,56.0942298487405
"ocean pout",1996,316.83259173114
"ocean pout",1997,251.24230101602
"ocean pout",1998,216.602949929056
"ocean pout",1999,56.8916266606545
"ocean pout",2000,225.348794822691
"ocean pout",2001,279.933101464487
"ocean pout",2002,124.118324996253
"ocean pout",2003,145.600204659381
"ocean pout",2004,111.114559198433
"ocean pout",2005,214.375687487373
"ocean pout",2006,305.315255074341
"ocean pout",2007,255.881432175189
"ocean pout",2008,239.482630655882
"ocean pout",2009,192.910570301535
"ocean pout",2010,204.442221978438
"ocean pout",2011,255.044913976898
"ocean pout",2012,134.035146351286
"ocean pout",2013,250.541659131167
"ocean pout",2014,139.870850030839
"ocean pout",2015,68.5260962038238
"ocean pout",2016,8.0668726728023
"ocean pout",2017,26.0763838484597
"ocean pout",2018,72.1115956309911
"ocean pout",2019,28.5358713974019
"pollock",1970,85.657303003328
"pollock",1971,67.931535450602
"pollock",1972,95.1375243373974
"pollock",1973,201.074581302921
"pollock",1974,163.555784284795
"pollock",1975,220.370171901911
"pollock",1976,83.7893603104065
"pollock",1977,178.103469421196
"pollock",1978,252.809022854844
"pollock",1979,71.3905084899598
"pollock",1980,117.434002562208
"pollock",1981,157.980070482007
"pollock",1982,57.6399496629742
"pollock",1983,212.563962240775
"pollock",1984,178.402409256329
"pollock",1985,45.4081844277756
"pollock",1986,242.862269222018
"pollock",1987,90.4569680412622
"pollock",1988,205.847699895646
"pollock",1989,313.048814243572
"pollock",1990,110.19895953977
"pollock",1991,156.704005733998
"pollock",1992,145.601046364814
"pollock",1993,174.400165453034
"pollock",1994,25.7380320360053
"pollock",1995,23.4665266430428
"pollock",1996,83.6687403652193
"pollock",1997,106.443580460884
"pollock",1998,28.8621635344367
"pollock",1999,70.0704524324825
"pollock",2000,139.787351432935
"pollock",2001,75.4447992013224
"pollock",2002,143.338128507491
"pollock",2003,139.984773034849
"pollock",2004,102.796831648087
"pollock",2005,46.8151276567818
"pollock",2006,69.9623945021406
"pollock",2007,118.414745146859
"pollock",2008,62.0701581022263
"pollock",2009,145.53643377439
"pollock",2010,166.29229109224
"pollock",2011,23.1221879420633
"pollock",2012,163.589498803079
"pollock",2013,110.445447766645
"pollock",2014,144.689847902953
"pollock",2015,103.53664827782
"pollock",2016,217.237649456711
"pollock",2017,85.2969014027081
"pollock",2018,58.9836864365096
"pollock",2019,109.229368315862
"red hake",1970,57.7239046187999
"red hake",1971,106.609642336003
"red hake",1972,84.7930165334166
"red hake",1973,85.4926667711392
"red hake",1974,231.951810673871
"red hake",1975,156.836210415152
"red hake",1976,179.036300455651
"red hake",1977,162.52225550087
"red hake",1978,306.022824816982
"red hake",1979,64.2014846519536
"red hake",1980,71.2340289369804
"red hake",1981,14.0528190809515
"red hake",1982,162.920663343884
"red hake",1983,78.6489502663921
"red hake",1984,49.4633495171327
"red hake",1985,29.5671082535707
"red hake",1986,71.2472930110562
"red hake",1987,43.6708214742507
"red hake",1988,33.7810716735349
"red hake",1989,32.8411371374229
"red hake",1990,44.1142481838115
"red hake",1991,79.4338786842025
"red hake",1992,41.0196701438993
"red hake",1993,104.915831694221
"red hake",1994,9.81196201481369
"red hake",1995,59.5543834234349
"red hake",1996,79.9357965160636
"red hake",1997,131.988559597869
"red hake",1998,70.4605539374219
"red hake",1999,41.842932451655
"red hake",2000,43.5075059562551
"red hake",2001,55.2234690031692
"red hake",2002,7.73319451388834
"red hake",2003,62.7504600143451
"red hake",2004,84.7482443987786
"red hake",2005,102.17739516449
"red hake",2006,11.1337874202604
"red hake",2007,42.3706261292909
"red hake",2008,70.8012114892582
"red hake",2009,58.0607638216608
"red hake",2010,80.6434465680615
"red hake",2011,100.361623117192
"red hake",2012,78.1880041643513
"red hake",2013,98.8004308950777
"red hake",2014,23.339926771016
"red hake",2015,34.8679336821033
"red hake",2016,6.94209494041514
"red hake",2017,33.1848353901357
"red hake",2018,64.702288699293
"red hake",2019,18.7830729135176
"scup",1970,293.088964427725
"scup",1971,435.432036385147
"scup",1972,344.370620137478
"scup",1973,555.22111769131
"scup",1974,280.676575487753
"scup",1975,299.561740132878
"scup",1976,115.282261236173
"scup",1977,497.527499107589
"scup",1978,522.624760992067
"scup",1979,443.334096562137
"scup",1980,433.079042423411
"scup",1981,271.713614354831
"scup",1982,154.184548756289
"scup",1983,426.654950461687
"scup",1984,119.582091035262
"scup",1985,252.734903499207
"scup",1986,186.667103526257
"scup",1987,512.055475673958
"scup",1988,402.679691099381
"scup",1989,164.37233093186
"scup",1990,224.732507453207
"scup",1991,35.0580977249669
"scup",1992,309.082324437269
"scup",1993,506.459610247657
"scup",1994,273.413910538372
"scup",1995,145.579187475986
"scup",1996,501.087954351164
"scup",1997,430.82605040342
"scup",1998,104.264687386773
"scup",1999,140.757486141235
"scup",2000,150.56110373374
"scup",2001,303.345464173473
"scup",2002,177.72998545711
"scup",2003,185.486748164614
"scup",2004,343.695125839925
"scup",2005,361.677270773847
"scup",2006,43.9747936977222
"scup",2007,136.83989267001
"scup",2008,434.117850018542
"scup",2009,112.674881253973
"scup",2010,216.194033014341
"scup",2011,77.803760587358
"scup",2012,15.4670504494181
"scup",2013,284.72345376137
"scup",2014,188.688436998148
"scup",2015,62.2039274594627
"scup",2016,118.893225155447
"scup",2017,578.774805617057
"scup",2018,152.773064875453
"scup",2019,96.6568930319924
"sea raven",1970,69.1335934419633
"sea raven",1971,39.7632598455141
"sea raven",1972,40.4824455542395
"sea raven",1973,106.836122203467
"sea raven",1974,25.0638763038986
"sea raven",1975,69.9128649238864
"sea raven",1976,42.5107049712373
"sea raven",1977,104.485119734668
"sea raven",1978,136.589731216043
"sea raven",1979,71.8997355918615
"sea raven",1980,22.064755366276
"sea raven",1981,22.1032754183141
"sea raven",1982,89.9173043044617
"sea raven",1983,50.3172043389139
"sea raven",1984,90.3955593495085
"sea raven",1985,87.3941693223836
"sea raven",1986,102.825920983528
"sea raven",1987,97.451369704679
"sea raven",1988,88.5871890237403
"sea raven",1989,82.0691995137944
"sea raven",1990,69.8520453270296
"sea raven",1991,26.9422214899183
"sea raven",1992,71.044075333838
"sea raven",1993,19.6840715027551
"sea raven",1994,36.2571917704888
"sea raven",1995,64.0962973905328
"sea raven",1996,25.4540339338905
"sea raven",1997,38.5858463231571
"sea raven",1998,90.0750327054284
"sea raven",1999,76.3966830382879
"sea raven",2000,49.3988064583302
"sea raven",2001,68.4297508112821
"sea raven",2002,49.9456464095326
"sea raven",2003,85.4672352741929
"sea raven",2004,152.238522747227
"sea raven",2005,116.773774061423
"sea raven",2006,76.5487107431424
"sea raven",2007,114.834275203476
"sea raven",2008,88.3023741884947
"sea raven",2009,81.5128236184279
"sea raven",2010,35.0523959488643
"sea raven",2011,37.5629260087951
"sea raven",2012,133.085512645798
"sea raven",2013,85.6865393964835
"sea raven",2014,20.7225117486009
"sea raven",2015,50.227507358816
"sea raven",2016,91.8615345353691
"sea raven",2017,42.6717544326288
"sea raven",2018,21.6349685364493
"sea raven",2019,17.0598359180322
"silver hake",1970,137.420872893804
"silver hake",1971,289.271360443924
"silver hake",1972,88.602267999776
"silver hake",1973,190.456703184075
"silver hake",1974,217.804014699507
"silver hake",1975,107.140192719054
"silver hake",1976,176.390990656313
"silver hake",1977,116.774012428315
"silver hake",1978,293.701716606003
"silver hake",1979,176.229784950459
"silver hake",1980,166.787306892789
"silver hake",1981,179.265125521816
"silver hake",1982,205.828171412977
"silver hake",1983,91.8587873688539
"silver hake",1984,188.459857263717
"silver hake",1985,112.25374049872
"silver hake",1986,169.628775665031
"silver hake",1987,153.813238629047
"silver hake",1988,140.041482169772
"silver hake",1989,177.371822551875
"silver hake",1990,211.680771263295
"silver hake",1991,186.387981820114
"silver hake",1992,37.3963763133803
"silver hake",1993,133.251550815444
"silver hake",1994,61.3236766591446
"silver hake",1995,87.2411010436039
"silver hake",1996,174.175063801647
"silver hake",1997,72.4632637929739
"silver hake",1998,106.677131731876
"silver hake",1999,103.896141600123
"silver hake",2000,10.4448589155626
"silver hake",2001,47.4159865648997
"silver hake",2002,35.4522355277803
"silver hake",2003,17.3630750247263
"silver hake",2004,73.9829992796612
"silver hake",2005,122.906047313618
"silver hake",2006,39.4571542899893
"silver hake",2007,141.221778939039
"silver hake",2008,62.6055594155292
"silver hake",2009,91.0024039194276
"silver hake",2010,65.7905655871372
"silver hake",2011,46.5824892741221
"silver hake",2012,76.4080956368423
"silver hake",2013,73.4274632216128
"silver hake",2014,50.3159856205431
"silver hake",2015,64.8913373564593
"silver hake",2016,38.6112303450547
"silver hake",2017,40.7582705763377
"silver hake",2018,56.0518426078219
"silver hake",2019,28.2120203743877
"smooth dogfish",1970,NA
"smooth dogfish",1971,218.95824201392
"smooth dogfish",1972,543.196258800266
"smooth dogfish",1973,407.505874832842
"smooth dogfish",1974,531.849823603495
"smooth dogfish",1975,100.67084043149
"smooth dogfish",1976,361.302553737615
"smooth dogfish",1977,410.566669944144
"smooth dogfish",1978,525.226848362058
"smooth dogfish",1979,245.573190523682
"smooth dogfish",1980,565.500388716553
"smooth dogfish",1981,539.742792686889
"smooth dogfish",1982,275.470129153428
"smooth dogfish",1983,NA
"smooth dogfish",1984,264.442921838988
"smooth dogfish",1985,336.884534557791
"smooth dogfish",1986,425.574477680985
"smooth dogfish",1987,395.941817300343
"smooth dogfish",1988,639.635148025733
"smooth dogfish",1989,474.159491021142
"smooth dogfish",1990,287.523936677009
"smooth dogfish",1991,328.952263884077
"smooth dogfish",1992,664.396637726062
"smooth dogfish",1993,593.706673455159
"smooth dogfish",1994,564.988003406609
"smooth dogfish",1995,652.544377553508
"smooth dogfish",1996,511.693570812418
"smooth dogfish",1997,362.194810656574
"smooth dogfish",1998,401.792442928356
"smooth dogfish",1999,292.776495825386
"smooth dogfish",2000,623.918124193868
"smooth dogfish",2001,361.490830014262
"smooth dogfish",2002,629.012251782596
"smooth dogfish",2003,279.811183534586
"smooth dogfish",2004,495.985447482195
"smooth dogfish",2005,634.727493813403
"smooth dogfish",2006,420.292958645805
"smooth dogfish",2007,545.834114180393
"smooth dogfish",2008,687.402804902991
"smooth dogfish",2009,413.139524954304
"smooth dogfish",2010,361.324223070558
"smooth dogfish",2011,411.722337497906
"smooth dogfish",2012,587.139693317216
"smooth dogfish",2013,546.750893041839
"smooth dogfish",2014,315.754085721198
"smooth dogfish",2015,612.264395790716
"smooth dogfish",2016,728.283485383227
"smooth dogfish",2017,787.789051285482
"smooth dogfish",2018,505.320514258798
"smooth dogfish",2019,715.109416597777
"smooth skate",1970,44.0817959774611
"smooth skate",1971,83.4871792618893
"smooth skate",1972,51.0221137350878
"smooth skate",1973,27.8049713004158
"smooth skate",1974,51.7548571780321
"smooth skate",1975,35.7248177570401
"smooth skate",1976,128.995485403212
"smooth skate",1977,164.995173335177
"smooth skate",1978,103.065464575537
"smooth skate",1979,164.659766650829
"smooth skate",1980,100.088557249934
"smooth skate",1981,38.5980308469305
"smooth skate",1982,103.19337947696
"smooth skate",1983,107.590816169604
"smooth skate",1984,80.5844927862842
"smooth skate",1985,68.9340471639132
"smooth skate",1986,132.070461915979
"smooth skate",1987,35.7264139447511
"smooth skate",1988,26.6228516440711
"smooth skate",1989,53.9790883204807
"smooth skate",1990,114.846709661328
"smooth skate",1991,80.7101823647844
"smooth skate",1992,22.5506999575078
"smooth skate",1993,219.658750650517
"smooth skate",1994,157.404818426707
"smooth skate",1995,92.8516337246857
"smooth skate",1996,155.181401331837
"smooth skate",1997,176.363957499256
"smooth skate",1998,50.4259846071949
"smooth skate",1999,183.507523649931
"smooth skate",2000,87.0595693229243
"smooth skate",2001,17.8374384664696
"smooth skate",2002,145.616789492384
"smooth skate",2003,23.9226299588706
"smooth skate",2004,151.667533246751
"smooth skate",2005,66.2921299588783
"smooth skate",2006,89.4757070118493
"smooth skate",2007,10.3301614003752
"smooth skate",2008,73.9752520270307
"smooth skate",2009,90.3105648255759
"smooth skate",2010,35.9393203143019
"smooth skate",2011,26.9612015798156
"smooth skate",2012,45.0570728456963
"smooth skate",2013,21.6931774365135
"smooth skate",2014,93.7256725279364
"smooth skate",2015,35.3245299417672
"smooth skate",2016,91.9158758765543
"smooth skate",2017,58.9528577082583
"smooth skate",2018,173.785343968896
"smooth skate",2019,46.5069050346618
"spiny dogfish",1970,136.297678171798
"spiny dogfish",1971,433.549253986445
"spiny dogfish",1972,315.662168014402
"spiny dogfish",1973,420.685595759498
"spiny dogfish",1974,174.277614134556
"spiny dogfish",1975,62.4953040535545
"spiny dogfish",1976,109.644456700592
"spiny dogfish",1977,102.324367993349
"spiny dogfish",1978,411.263205746147
"spiny dogfish",1979,198.890655830555
"spiny dogfish",1980,238.817151026004
"spiny dogfish",1981,166.989646875256
"spiny dogfish",1982,328.686579266432
"spiny dogfish",1983,499.04775435483
"spiny dogfish",1984,321.307358159898
"spiny dogfish",1985,277.426897762931
"spiny dogfish",1986,285.751375725929
"spiny dogfish",1987,466.278117330683
"spiny dogfish",1988,227.520920420836
"spiny dogfish",1989,516.760769706507
"spiny dogfish",1990,245.580051059287
"spiny dogfish",1991,351.285099986174
"spiny dogfish",1992,248.872384957548
"spiny dogfish",1993,425.407246643116
"spiny dogfish",1994,597.727611579353
"spiny dogfish",1995,534.95156149716
"spiny dogfish",1996,303.750386743774
"spiny dogfish",1997,177.265440823551
"spiny dogfish",1998,145.878829040491
"spiny dogfish",1999,295.350127360992
"spiny dogfish",2000,506.55790558808
"spiny dogfish",2001,596.677175465021
"spiny dogfish",2002,178.325201139211
"spiny dogfish",2003,320.080127190683
"spiny dogfish",2004,510.639329523853
"spiny dogfish",2005,583.153173762573
"spiny dogfish",2006,439.700346364864
"spiny dogfish",2007,526.735194540331
"spiny dogfish",2008,501.59291701442
"spiny dogfish",2009,427.55936907287
"spiny dogfish",2010,570.294255406919
"spiny dogfish",2011,593.954538706852
"spiny dogfish",2012,315.106442524514
"spiny dogfish",2013,393.031770724842
"spiny dogfish",2014,267.813006298634
"spiny dogfish",2015,492.607166546527
"spiny dogfish",2016,160.647393867073
"spiny dogfish",2017,523.442262588245
"spiny dogfish",2018,597.919358284269
"spiny dogfish",2019,576.346101472213
"spotted hake",1970,103.490828860356
"spotted hake",1971,13.216416179812
"spotted hake",1972,53.2688674306175
"spotted hake",1973,34.3812711848877
"spotted hake",1974,103.713475984326
"spotted hake",1975,189.302896561465
"spotted hake",1976,91.5444317321295
"spotted hake",1977,361.162645779001
"spotted hake",1978,51.8909491752332
"spotted hake",1979,16.9391009836516
"spotted hake",1980,244.98979951532
"spotted hake",1981,210.301602718955
"spotted hake",1982,60.129485297653
"spotted hake",1983,253.573461002018
"spotted hake",1984,17.000253234098
"spotted hake",1985,143.139883725867
"spotted hake",1986,42.9538763907499
"spotted hake",1987,10.1278413838254
"spotted hake",1988,158.674795556376
"spotted hake",1989,40.4441013931288
"spotted hake",1990,169.790240418611
"spotted hake",1991,91.9010636646029
"spotted hake",1992,29.1038364570382
"spotted hake",1993,102.351053687636
"spotted hake",1994,44.8445826729731
"spotted hake",1995,46.4240061302793
"spotted hake",1996,74.453004383732
"spotted hake",1997,167.752924880466
"spotted hake",1998,68.3414969372943
"spotted hake",1999,41.8712170054467
"spotted hake",2000,90.814592573818
"spotted hake",2001,43.3773632275709
"spotted hake",2002,13.6246477015254
"spotted hake",2003,99.587000423213
"spotted hake",2004,44.3206803260889
"spotted hake",2005,65.0584897713022
"spotted hake",2006,53.022922314465
"spotted hake",2007,54.7715794498807
"spotted hake",2008,39.1771351898186
"spotted hake",2009,63.4510486433124
"spotted hake",2010,100.313538912121
"spotted hake",2011,48.3752610543385
"spotted hake",2012,288.054223194063
"spotted hake",2013,103.599372191742
"spotted hake",2014,87.6768363256317
"spotted hake",2015,308.788177935588
"spotted hake",2016,166.099293808732
"spotted hake",2017,579.031244201295
"spotted hake",2018,92.9789198132106
"spotted hake",2019,189.594457938352
"summer flounder",1970,217.786972360718
"summer flounder",1971,91.4724974404625
"summer flounder",1972,274.404669583357
"summer flounder",1973,174.013584753529
"summer flounder",1974,123.899987154312
"summer flounder",1975,313.519723532058
"summer flounder",1976,185.589860544042
"summer flounder",1977,201.972294863316
"summer flounder",1978,372.532054560618
"summer flounder",1979,220.16839850661
"summer flounder",1980,217.742702424795
"summer flounder",1981,110.180438724686
"summer flounder",1982,133.264453270434
"summer flounder",1983,183.793532306428
"summer flounder",1984,96.3807153645183
"summer flounder",1985,110.485683249354
"summer flounder",1986,207.454926749614
"summer flounder",1987,117.907096635258
"summer flounder",1988,344.621933685733
"summer flounder",1989,204.771728676337
"summer flounder",1990,427.6321000994
"summer flounder",1991,52.0271499091555
"summer flounder",1992,352.027116305757
"summer flounder",1993,79.4149077544282
"summer flounder",1994,278.818672164371
"summer flounder",1995,308.671711306033
"summer flounder",1996,372.070278168624
"summer flounder",1997,120.744920044441
"summer flounder",1998,140.45853206511
"summer flounder",1999,239.858701120044
"summer flounder",2000,120.539895812539
"summer flounder",2001,172.299949690447
"summer flounder",2002,117.032297098251
"summer flounder",2003,68.3083634803356
"summer flounder",2004,217.859470549978
"summer flounder",2005,247.48037537665
"summer flounder",2006,141.719452377067
"summer flounder",2007,101.232294382885
"summer flounder",2008,135.012093557784
"summer flounder",2009,99.868249641147
"summer flounder",2010,107.80086853255
"summer flounder",2011,185.830208099305
"summer flounder",2012,126.644106636595
"summer flounder",2013,138.897331147949
"summer flounder",2014,112.89949252424
"summer flounder",2015,204.460892533543
"summer flounder",2016,128.026092679569
"summer flounder",2017,351.091123219453
"summer flounder",2018,143.675508149431
"summer flounder",2019,164.094027976445
"tautog",1970,NA
"tautog",1973,NA
"tautog",1974,NA
"tautog",1976,NA
"tautog",1978,NA
"tautog",1979,348.401246981734
"tautog",1981,NA
"tautog",1984,NA
"tautog",1994,NA
"tautog",2003,NA
"tautog",2012,NA
"thorny skate",1970,40.7116359922314
"thorny skate",1971,58.1379060550434
"thorny skate",1972,17.5289188622959
"thorny skate",1973,10.671511399493
"thorny skate",1974,97.6871927567717
"thorny skate",1975,98.7762720152389
"thorny skate",1976,88.3921965298428
"thorny skate",1977,40.8343386071748
"thorny skate",1978,49.2855647069601
"thorny skate",1979,67.5169209863308
"thorny skate",1980,26.5368021064304
"thorny skate",1981,28.4735911225595
"thorny skate",1982,91.2904547156704
"thorny skate",1983,42.383400513983
"thorny skate",1984,76.7353280126955
"thorny skate",1985,4.97942352783997
"thorny skate",1986,52.9591029793723
"thorny skate",1987,173.757073996578
"thorny skate",1988,84.7957431654825
"thorny skate",1989,73.94116369173
"thorny skate",1990,41.2092620233618
"thorny skate",1991,83.1622299663977
"thorny skate",1992,108.130595436143
"thorny skate",1993,125.072129314288
"thorny skate",1994,180.078163183987
"thorny skate",1995,70.1835629777651
"thorny skate",1996,217.694190231208
"thorny skate",1997,96.0476478258021
"thorny skate",1998,97.3392636884191
"thorny skate",1999,156.116298745934
"thorny skate",2000,30.4148437759906
"thorny skate",2001,59.4225607182169
"thorny skate",2002,93.8362265746496
"thorny skate",2003,157.917502355481
"thorny skate",2004,27.0349948291967
"thorny skate",2005,147.383093345351
"thorny skate",2006,106.528889083652
"thorny skate",2007,137.754304289032
"thorny skate",2008,137.853440780502
"thorny skate",2009,41.6770594635785
"thorny skate",2010,95.0749086866935
"thorny skate",2011,38.452755340358
"thorny skate",2012,56.010037869394
"thorny skate",2013,112.547698883785
"thorny skate",2014,77.6858062111523
"thorny skate",2015,53.663222787201
"thorny skate",2016,169.30306163199
"thorny skate",2017,148.783404875298
"thorny skate",2018,69.1140953721993
"thorny skate",2019,58.3338910798773
"weakfish",1970,NA
"weakfish",1971,152.429512477207
"weakfish",1972,505.237192344382
"weakfish",1973,80.582489435946
"weakfish",1974,NA
"weakfish",1975,NA
"weakfish",1976,580.107589756982
"weakfish",1977,294.093414627285
"weakfish",1978,NA
"weakfish",1979,NA
"weakfish",1980,NA
"weakfish",1982,NA
"weakfish",1984,NA
"weakfish",1985,238.27215206563
"weakfish",1986,259.357156557566
"weakfish",1989,NA
"weakfish",1992,NA
"weakfish",1993,NA
"weakfish",1994,NA
"weakfish",1995,97.9288307613854
"weakfish",1996,150.099777004328
"weakfish",1997,NA
"weakfish",1998,NA
"weakfish",1999,NA
"weakfish",2000,386.554843698706
"weakfish",2001,NA
"weakfish",2002,NA
"weakfish",2003,NA
"weakfish",2005,407.5779172309
"weakfish",2006,359.83854080612
"weakfish",2007,NA
"weakfish",2008,NA
"weakfish",2009,NA
"weakfish",2010,85.2582938846285
"weakfish",2011,332.204926609184
"weakfish",2012,418.467862966282
"weakfish",2013,NA
"weakfish",2014,381.414219712445
"weakfish",2015,507.421859715098
"weakfish",2016,67.6302772037386
"weakfish",2017,NA
"weakfish",2018,NA
"weakfish",2019,381.125061687714
"white hake",1970,121.893423573693
"white hake",1971,100.544947864772
"white hake",1972,45.1009679110227
"white hake",1973,64.5629169131167
"white hake",1974,33.1037946730817
"white hake",1975,5.48388430107925
"white hake",1976,70.7354663096234
"white hake",1977,39.0062418948091
"white hake",1978,35.4554695152002
"white hake",1979,40.039277256797
"white hake",1980,75.9893372429663
"white hake",1981,72.7407629493692
"white hake",1982,79.7736182112629
"white hake",1983,111.71077023978
"white hake",1984,67.8950819913293
"white hake",1985,20.8082893215638
"white hake",1986,92.4071140658869
"white hake",1987,35.1724232990415
"white hake",1988,95.911420345541
"white hake",1989,39.4694853240678
"white hake",1990,95.0829842381217
"white hake",1991,73.4515963036416
"white hake",1992,72.5340091713019
"white hake",1993,64.1086501266404
"white hake",1994,120.584919304903
"white hake",1995,101.18073244489
"white hake",1996,103.806193641824
"white hake",1997,49.0169615914427
"white hake",1998,10.3464188140869
"white hake",1999,85.8708109065815
"white hake",2000,77.6771543991813
"white hake",2001,39.1144266177428
"white hake",2002,76.7463979366353
"white hake",2003,46.6135839843227
"white hake",2004,80.9217101027783
"white hake",2005,28.8369939339546
"white hake",2006,72.8895938840716
"white hake",2007,59.2862320945729
"white hake",2008,73.3593360457756
"white hake",2009,53.7680417859411
"white hake",2010,71.6867738092645
"white hake",2011,101.534097129582
"white hake",2012,81.2048229606386
"white hake",2013,66.2262986373283
"white hake",2014,53.8857365940784
"white hake",2015,76.5110525662173
"white hake",2016,72.9932516857846
"white hake",2017,78.3078013747756
"white hake",2018,91.8241501816469
"white hake",2019,59.9860043196312
"windowpane",1970,15.487732529041
"windowpane",1971,52.972380155637
"windowpane",1972,168.5902495832
"windowpane",1973,201.310675318033
"windowpane",1974,175.190397918219
"windowpane",1975,65.379612421327
"windowpane",1976,101.976427113595
"windowpane",1977,41.0463556840562
"windowpane",1978,66.8141820809581
"windowpane",1979,28.2402052362386
"windowpane",1980,204.473454968489
"windowpane",1981,142.071726021557
"windowpane",1982,94.9374340118466
"windowpane",1983,44.4499678245382
"windowpane",1984,162.901357025991
"windowpane",1985,58.6118301053826
"windowpane",1986,335.587920866341
"windowpane",1987,49.0872677955912
"windowpane",1988,14.4301260675119
"windowpane",1989,64.9711901541608
"windowpane",1990,88.9197867796683
"windowpane",1991,49.7064489071599
"windowpane",1992,28.9448307734682
"windowpane",1993,80.9967090037987
"windowpane",1994,52.2214622213429
"windowpane",1995,133.037044451605
"windowpane",1996,44.6254251400314
"windowpane",1997,80.3948025254435
"windowpane",1998,261.238996360861
"windowpane",1999,86.9917156215551
"windowpane",2000,19.8558128479813
"windowpane",2001,25.352536097569
"windowpane",2002,46.0307138614298
"windowpane",2003,39.0748780582827
"windowpane",2004,66.6880250189658
"windowpane",2005,41.6213823981852
"windowpane",2006,26.0937289749302
"windowpane",2007,72.8733444629565
"windowpane",2008,34.660792209539
"windowpane",2009,89.2560391670508
"windowpane",2010,31.3971981310313
"windowpane",2011,77.9664090260174
"windowpane",2012,9.55086396359194
"windowpane",2013,108.59305294527
"windowpane",2014,137.832544158349
"windowpane",2015,165.642463295078
"windowpane",2016,119.659366028296
"windowpane",2017,172.112790931156
"windowpane",2018,117.323014724335
"windowpane",2019,62.7509153636218
"winter flounder",1970,55.5127772206096
"winter flounder",1971,88.9835532767659
"winter flounder",1972,166.835088532938
"winter flounder",1973,87.8295968528823
"winter flounder",1974,119.622013179924
"winter flounder",1975,22.5668867514389
"winter flounder",1976,55.1541220019296
"winter flounder",1977,56.3440917797653
"winter flounder",1978,59.6808626154665
"winter flounder",1979,141.276449105247
"winter flounder",1980,53.7987045166261
"winter flounder",1981,79.3754309780174
"winter flounder",1982,33.9038825429225
"winter flounder",1983,146.785067646423
"winter flounder",1984,36.0073928347424
"winter flounder",1985,49.6847252333381
"winter flounder",1986,74.3941615349773
"winter flounder",1987,164.147993419453
"winter flounder",1988,28.146654456042
"winter flounder",1989,25.4141971082465
"winter flounder",1990,191.436770349338
"winter flounder",1991,132.655010877005
"winter flounder",1992,106.287143401243
"winter flounder",1993,146.16877285937
"winter flounder",1994,95.2843804398296
"winter flounder",1995,56.3937357857876
"winter flounder",1996,226.799394254743
"winter flounder",1997,200.233580042739
"winter flounder",1998,22.8637360732606
"winter flounder",1999,74.2867583704996
"winter flounder",2000,69.6146962640914
"winter flounder",2001,87.1979454184118
"winter flounder",2002,143.805707066068
"winter flounder",2003,153.321914814004
"winter flounder",2004,113.524944080389
"winter flounder",2005,73.0486008044291
"winter flounder",2006,94.143977463439
"winter flounder",2007,201.203578815748
"winter flounder",2008,182.321719884255
"winter flounder",2009,80.2113013300755
"winter flounder",2010,182.492800655529
"winter flounder",2011,9.01641564899962
"winter flounder",2012,92.6188711487601
"winter flounder",2013,83.8702017177945
"winter flounder",2014,102.74771794714
"winter flounder",2015,123.180793845047
"winter flounder",2016,37.3677501520811
"winter flounder",2017,90.835501922651
"winter flounder",2018,82.3214922940796
"winter flounder",2019,104.464475808189
"winter skate",1970,38.186003050631
"winter skate",1971,69.591988552107
"winter skate",1972,20.513420345736
"winter skate",1973,35.909321019045
"winter skate",1974,90.4999226201446
"winter skate",1975,31.0278173798944
"winter skate",1976,56.9136690002098
"winter skate",1977,60.8305005277217
"winter skate",1978,45.7155917898366
"winter skate",1979,14.3738927343574
"winter skate",1980,113.76743614957
"winter skate",1981,38.4251532665118
"winter skate",1982,48.2930526629926
"winter skate",1983,29.3412387300476
"winter skate",1984,49.6603385398032
"winter skate",1985,81.0869604023015
"winter skate",1986,57.9189482468374
"winter skate",1987,56.3215591798386
"winter skate",1988,14.0201522226764
"winter skate",1989,35.0832939888951
"winter skate",1990,58.9019044590288
"winter skate",1991,12.2362690306471
"winter skate",1992,90.4050668402836
"winter skate",1993,109.184582233765
"winter skate",1994,15.0616233371041
"winter skate",1995,93.5840656883676
"winter skate",1996,22.0345523566695
"winter skate",1997,46.6732444881347
"winter skate",1998,34.504032277271
"winter skate",1999,30.6386411362162
"winter skate",2000,70.2685152350472
"winter skate",2001,57.9406942818944
"winter skate",2002,91.4311096897479
"winter skate",2003,11.9669991152219
"winter skate",2004,63.0306999469099
"winter skate",2005,135.754842496583
"winter skate",2006,24.4467804905094
"winter skate",2007,94.9829600588523
"winter skate",2008,63.1531023588853
"winter skate",2009,50.3634219304344
"winter skate",2010,115.525719276085
"winter skate",2011,77.292483922471
"winter skate",2012,37.0451874353682
"winter skate",2013,84.5540556238046
"winter skate",2014,65.3127266341214
"winter skate",2015,114.603885136414
"winter skate",2016,83.1455513781085
"winter skate",2017,65.330435742037
"winter skate",2018,65.2811069556001
"winter skate",2019,40.9461132900867
"witch flounder",1970,36.8528129218838
"witch flounder",1971,21.1420592217749
"witch flounder",1972,124.33163266812
"witch flounder",1973,148.472513555302
"witch flounder",1974,47.2051952698238
"witch flounder",1975,4.49107097329177
"witch flounder",1976,37.4050145940464
"witch flounder",1977,42.2344974332466
"witch flounder",1978,53.2547104257522
"witch flounder",1979,16.0485287836687
"witch flounder",1980,157.214141698294
"witch flounder",1981,15.8218723085471
"witch flounder",1982,107.584010906095
"witch flounder",1983,21.3054471385147
"witch flounder",1984,69.015928071865
"witch flounder",1985,116.500884761964
"witch flounder",1986,39.5197965622416
"witch flounder",1987,269.406494627694
"witch flounder",1988,120.752359058499
"witch flounder",1989,53.1761905066079
"witch flounder",1990,107.337088379675
"witch flounder",1991,112.90138997157
"witch flounder",1992,67.8044042159228
"witch flounder",1993,81.8477747710075
"witch flounder",1994,56.2368257356379
"witch flounder",1995,37.3211873256788
"witch flounder",1996,108.303484406154
"witch flounder",1997,41.9964982866378
"witch flounder",1998,78.0581088171852
"witch flounder",1999,88.4518423218249
"witch flounder",2000,20.0588331677098
"witch flounder",2001,18.2978684256612
"witch flounder",2002,103.120915463035
"witch flounder",2003,77.124336258359
"witch flounder",2004,69.5883367049136
"witch flounder",2005,46.2280812811352
"witch flounder",2006,55.1320067790746
"witch flounder",2007,68.0184542068653
"witch flounder",2008,43.5889948058738
"witch flounder",2009,61.4109839947315
"witch flounder",2010,55.8890563887598
"witch flounder",2011,225.353430010919
"witch flounder",2012,399.531077533466
"witch flounder",2013,260.130625045452
"witch flounder",2014,42.1806468964878
"witch flounder",2015,44.5322463758313
"witch flounder",2016,56.8619279382696
"witch flounder",2017,26.7368810340865
"witch flounder",2018,23.651926564851
"witch flounder",2019,109.410035616674
"yellowtail flounder",1970,22.1627762841013
"yellowtail flounder",1971,34.9420622955243
"yellowtail flounder",1972,7.57452381959487
"yellowtail flounder",1973,238.871038775553
"yellowtail flounder",1974,152.762312168442
"yellowtail flounder",1975,80.3611132467274
"yellowtail flounder",1976,85.3472232350554
"yellowtail flounder",1977,114.369262696298
"yellowtail flounder",1978,221.425975741168
"yellowtail flounder",1979,43.7713372475154
"yellowtail flounder",1980,155.857309986204
"yellowtail flounder",1981,111.709326453985
"yellowtail flounder",1982,45.0858369347906
"yellowtail flounder",1983,57.7998772858138
"yellowtail flounder",1984,54.8575480194834
"yellowtail flounder",1985,52.0119315870646
"yellowtail flounder",1986,70.0643042373046
"yellowtail flounder",1987,200.333710374677
"yellowtail flounder",1988,68.2840414296116
"yellowtail flounder",1989,108.955083460864
"yellowtail flounder",1990,95.1124973996117
"yellowtail flounder",1991,234.959587514122
"yellowtail flounder",1992,67.631065860101
"yellowtail flounder",1993,93.1317925181931
"yellowtail flounder",1994,51.012192605133
"yellowtail flounder",1995,159.067407903527
"yellowtail flounder",1996,11.8478913167356
"yellowtail flounder",1997,31.0260689808146
"yellowtail flounder",1998,39.5077167878359
"yellowtail flounder",1999,76.9385906670949
"yellowtail flounder",2000,77.4786884418131
"yellowtail flounder",2001,16.2221926301085
"yellowtail flounder",2002,37.272238979516
"yellowtail flounder",2003,76.105034073126
"yellowtail flounder",2004,49.9886987712484
"yellowtail flounder",2005,24.4097432261619
"yellowtail flounder",2006,72.0629332447461
"yellowtail flounder",2007,52.5560511342628
"yellowtail flounder",2008,28.3429591048164
"yellowtail flounder",2009,72.5230402224514
"yellowtail flounder",2010,143.413857326146
"yellowtail flounder",2011,56.8523078515978
"yellowtail flounder",2012,52.7437008900089
"yellowtail flounder",2013,42.2048893328582
"yellowtail flounder",2014,107.819571951011
"yellowtail flounder",2015,143.289218378509
"yellowtail flounder",2016,72.1384934642823
"yellowtail flounder",2017,48.7567691020544
"yellowtail flounder",2018,213.016648040876
"yellowtail flounder",2019,30.3725031506562
